-- phpMyAdmin SQL Dump
-- version 5.2.0
-- https://www.phpmyadmin.net/
--
-- Host: arcadia_23_db
-- Generation Time: Mar 16, 2023 at 06:02 PM
-- Server version: 8.0.31
-- PHP Version: 8.0.26

SET FOREIGN_KEY_CHECKS=0;
SET SQL_MODE = "NO_AUTO_VALUE_ON_ZERO";
START TRANSACTION;
SET time_zone = "+00:00";


/*!40101 SET @OLD_CHARACTER_SET_CLIENT=@@CHARACTER_SET_CLIENT */;
/*!40101 SET @OLD_CHARACTER_SET_RESULTS=@@CHARACTER_SET_RESULTS */;
/*!40101 SET @OLD_COLLATION_CONNECTION=@@COLLATION_CONNECTION */;
/*!40101 SET NAMES utf8mb4 */;

--
-- Database: `arcadia_23`
--

--
-- Dumping data for table `admins`
--

INSERT INTO `admins` (`id`, `created_at`, `updated_at`, `deleted_at`, `username`, `password`) VALUES
(1, '2023-03-04 13:14:01.245', '2023-03-04 13:14:01.245', NULL, 'admin', '$2a$14$C2gAVxMWUcXivmScbaGRQ.NgVaQWUIujDcPYRnovuC94Xe5wQjtAa'),
(2, '2023-03-04 13:14:01.246', '2023-03-04 13:14:01.246', NULL, 'ThePasswordIs-password', '$2a$14$C2gAVxMWUcXivmScbaGRQ.NgVaQWUIujDcPYRnovuC94Xe5wQjtAa');

--
-- Dumping data for table `characters`
--

INSERT INTO `characters` (`id`, `created_at`, `updated_at`, `deleted_at`, `name`, `description`, `image_url`) VALUES
(1, '2023-03-04 13:14:01.195', '2023-03-04 13:14:01.195', NULL, 'Adventurer', 'Adventurer is a brave and determined explorer driven by a thirst for knowledge and discovery. Adventurer roams the map with a keen eye for the elusive minicons. Adventurer can often overcome seemingly insurmountable obstacles with a quick wit and strategic mind.', 'adventurer.webp'),
(2, '2023-03-04 13:14:01.197', '2023-03-04 13:14:01.197', NULL, 'Bandit', 'Bandit is stealthy and cunning, deeply connected to the art of thievery and acquiring valuable treasures. With a mask to hide their identity, Bandit moves through the map with purpose in search of the priceless treasures that lie hidden throughout the terrain.', 'bandit.webp'),
(3, '2023-03-04 13:14:01.200', '2023-03-04 13:14:01.200', NULL, 'Pirate', 'Pirate is a cunning and elusive voyager with a fierce reputation that precedes him. Dressed in traditional pirate garb, complete with a pirate hat and a mask, Pirate moves stealthily through the map in search of minicons. Using his keen senses and strategic thinking, Pirate can navigate the map with ease.', 'pirate.webp'),
(4, '2023-03-04 13:14:01.201', '2023-03-04 13:14:01.201', NULL, 'Prince', 'Prince is a noble and regal pioneer, with a confident demeanour and a sharp eye for detail. With his striking blue hair and elegant crown, Prince moves through the map looking for more treasures to fill his coffers.', 'prince.webp'),
(5, '2023-03-04 13:14:01.203', '2023-03-04 13:14:01.203', NULL, 'Robin', 'Robin is quirky and energetic, with an insatiable curiosity and a knack for finding hidden treasures. Wearing a distinctive green hat and sporting a comical moustache, Robin flits about the map with lightning-fast reflexes and a sharp eye for detail.', 'robin.webp'),
(6, '2023-03-04 13:14:01.205', '2023-03-04 13:14:01.205', NULL, 'Santa', 'Santa is jolly and cheerful, with a heart full of holiday spirit and a knack for finding hidden treasures. Wearing his traditional red and white suit, complete with a big black belt and fluffy white beard, Santa roams the map in search of the valuable minicons.', 'santa.webp'),
(7, '2023-03-04 13:14:01.207', '2023-03-04 13:14:01.207', NULL, 'Sheriff', 'Sheriff is a straight-laced, no-nonsense lawman with a stern gaze and steady hand. Wearing a traditional sheriff hat and sporting a distinguished moustache, Sheriff patrols the map with a sense of purpose, seeking out the elusive treasures.', 'sheriff.webp'),
(8, '2023-03-04 13:14:01.207', '2023-03-04 13:14:01.207', NULL, 'Forager', 'Forager is resourceful and determined, with a keen eye for valuable items and a deep connection to nature. With her earthy demeanour, Forager moves through the map with purpose, searching for treasure hidden throughout the terrain.', 'forager.webp'),
(9, '2023-03-04 13:14:01.207', '2023-03-04 13:14:01.207', NULL, 'Villager', 'Villager is a brave and independent voyager who has left her home behind to seek new experiences and discover the world beyond. Determined, Villager carefully moves through the map, searching for its incredible treasures.', 'villager.webp');

--
-- Dumping data for table `constants`
--

INSERT INTO `constants` (`id`, `created_at`, `updated_at`, `deleted_at`, `name`, `value`) VALUES
(1, '2023-03-04 13:19:23.777', '2023-03-04 13:19:23.777', NULL, 'minicons_in_lineup', 5),
(2, '2023-03-04 13:19:23.782', '2023-03-04 13:19:23.782', NULL, 'matchmaking_rank_range', 10),
(3, '2023-03-04 13:19:23.787', '2023-03-04 13:19:23.787', NULL, 'min_trophy_gain', 20),
(4, '2023-03-04 13:19:23.792', '2023-03-04 13:19:23.792', NULL, 'trophy_gain_range', 10),
(5, '2023-03-04 13:19:23.797', '2023-03-04 13:19:23.797', NULL, 'trophy_diff_loser', 3),
(6, '2023-03-04 13:19:23.801', '2023-03-04 13:19:23.801', NULL, 'survivor_trophy_range', 4),
(7, '2023-03-04 13:19:23.806', '2023-03-04 13:19:23.806', NULL, 'default_trophy_count', 1000),
(8, '2023-03-04 13:19:23.810', '2023-03-04 13:19:23.810', NULL, 'successive_duplicate_match_limit', 5),
(9, '2023-03-04 13:19:23.816', '2023-03-04 13:19:23.816', NULL, 'daily_attack_limit', 99999),
(10, '2023-03-04 13:19:23.821', '2023-03-04 13:19:23.821', NULL, 'xp_base_count', 1000),
(11, '2023-03-04 13:19:23.826', '2023-03-04 13:19:23.826', NULL, 'xp_level_multiplier', 2),
(12, '2023-03-04 13:19:23.831', '2023-03-04 13:19:23.831', NULL, 'incr_xp_minicon', 38),
(13, '2023-03-04 13:19:23.836', '2023-03-04 13:19:23.836', NULL, 'incr_xp_user', 76),
(14, '2023-03-04 13:19:23.840', '2023-03-04 13:19:23.840', NULL, 'level_up_stat_multiplier_numerator', 110),
(15, '2023-03-04 13:19:23.840', '2023-03-04 13:19:23.840', NULL, 'level_up_stat_multiplier_denominator', 100),
(16, '2023-03-04 14:19:23.840', '2023-03-04 14:19:23.840', NULL, 'max_minicon_level', 5),
(17, '2023-03-04 15:19:23.840', '2023-03-04 15:19:23.840', NULL, 'max_unlocked_minicons', 12),
(18, '2023-03-14 21:59:05.531', '2023-03-14 21:59:05.531', NULL, 'type_multiplier_numerator', 120),
(19, '2023-03-14 21:59:05.532', '2023-03-14 21:59:05.532', NULL, 'type_multiplier_denominator', 100),
(20, '2023-03-14 21:59:05.532', '2023-03-14 21:59:05.532', NULL, 'is_arena_open', 1);


--
-- Dumping data for table `lineups`
--

INSERT INTO `lineups` (`id`, `created_at`, `updated_at`, `deleted_at`, `position_no`, `creator_id`, `owned_minicon_id`) VALUES
(1, '2023-03-04 13:14:02.517', '2023-03-04 13:14:02.517', NULL, 1, 1, 1),
(2, '2023-03-04 13:14:02.519', '2023-03-04 13:14:02.519', NULL, 2, 1, 2),
(3, '2023-03-04 13:14:02.522', '2023-03-04 13:14:02.522', NULL, 3, 1, 3),
(4, '2023-03-04 13:14:02.525', '2023-03-04 13:14:02.525', NULL, 4, 1, 4),
(5, '2023-03-04 13:14:02.527', '2023-03-04 13:14:02.527', NULL, 5, 1, 5),
(6, '2023-03-04 13:14:02.529', '2023-03-04 13:14:02.529', NULL, 1, 2, 6),
(7, '2023-03-04 13:14:02.532', '2023-03-04 13:14:02.532', NULL, 2, 2, 7),
(8, '2023-03-04 13:14:02.534', '2023-03-04 13:14:02.534', NULL, 3, 2, 8),
(9, '2023-03-04 13:14:02.536', '2023-03-04 13:14:02.536', NULL, 4, 2, 9),
(10, '2023-03-04 13:14:02.538', '2023-03-04 13:14:02.538', NULL, 5, 2, 10),
(11, '2023-03-04 13:14:02.540', '2023-03-04 13:14:02.540', NULL, 1, 3, 11),
(12, '2023-03-04 13:14:02.543', '2023-03-04 13:14:02.543', NULL, 2, 3, 12),
(13, '2023-03-04 13:14:02.545', '2023-03-04 13:14:02.545', NULL, 3, 3, 13),
(14, '2023-03-04 13:14:02.547', '2023-03-04 13:14:02.547', NULL, 4, 3, 14),
(15, '2023-03-04 13:14:02.549', '2023-03-04 13:14:02.549', NULL, 5, 3, 15),
(16, '2023-03-04 13:14:02.552', '2023-03-04 13:14:02.552', NULL, 1, 4, 16),
(17, '2023-03-04 13:14:02.554', '2023-03-04 13:14:02.554', NULL, 2, 4, 17),
(18, '2023-03-04 13:14:02.557', '2023-03-04 13:14:02.557', NULL, 3, 4, 18),
(19, '2023-03-04 13:14:02.560', '2023-03-04 13:14:02.560', NULL, 4, 4, 19),
(20, '2023-03-04 13:14:02.563', '2023-03-04 13:14:02.563', NULL, 5, 4, 20),
(21, '2023-03-04 13:14:02.564', '2023-03-04 13:14:02.564', NULL, 1, 5, 22),
(22, '2023-03-04 13:14:02.566', '2023-03-04 13:14:02.566', NULL, 2, 5, 23),
(23, '2023-03-04 13:14:02.569', '2023-03-04 13:14:02.569', NULL, 3, 5, 24),
(24, '2023-03-04 13:14:02.571', '2023-03-04 13:14:02.571', NULL, 4, 5, 25),
(25, '2023-03-04 13:14:02.573', '2023-03-04 13:14:02.573', NULL, 5, 5, 26),
(26, '2023-03-04 13:14:02.575', '2023-03-04 13:14:02.575', NULL, 1, 6, 29),
(27, '2023-03-04 13:14:02.577', '2023-03-04 13:14:02.577', NULL, 2, 6, 30),
(28, '2023-03-04 13:14:02.579', '2023-03-04 13:14:02.579', NULL, 3, 6, 31),
(29, '2023-03-04 13:14:02.581', '2023-03-04 13:14:02.581', NULL, 4, 6, 32),
(30, '2023-03-04 13:14:02.584', '2023-03-04 13:14:02.584', NULL, 5, 6, 33),
(31, '2023-03-04 13:14:02.586', '2023-03-04 13:14:02.586', NULL, 1, 7, 36),
(32, '2023-03-04 13:14:02.588', '2023-03-04 13:14:02.588', NULL, 2, 7, 35),
(33, '2023-03-04 13:14:02.590', '2023-03-04 13:14:02.590', NULL, 3, 7, 37),
(34, '2023-03-04 13:14:02.592', '2023-03-04 13:14:02.592', NULL, 4, 7, 39),
(35, '2023-03-04 13:14:02.594', '2023-03-04 13:14:02.594', NULL, 5, 7, 42),
(36, '2023-03-04 13:14:02.596', '2023-03-04 13:14:02.596', NULL, 1, 8, 45),
(37, '2023-03-04 13:14:02.597', '2023-03-04 13:14:02.597', NULL, 2, 8, 49),
(38, '2023-03-04 13:14:02.599', '2023-03-04 13:14:02.599', NULL, 3, 8, 46),
(39, '2023-03-04 13:14:02.601', '2023-03-04 13:14:02.601', NULL, 4, 8, 44),
(40, '2023-03-04 13:14:02.604', '2023-03-04 13:14:02.604', NULL, 5, 8, 47),
(41, '2023-03-04 13:14:02.606', '2023-03-04 13:14:02.606', NULL, 1, 9, 51),
(42, '2023-03-04 13:14:02.608', '2023-03-04 13:14:02.608', NULL, 2, 9, 52),
(43, '2023-03-04 13:14:02.610', '2023-03-04 13:14:02.610', NULL, 3, 9, 53),
(44, '2023-03-04 13:14:02.612', '2023-03-04 13:14:02.612', NULL, 4, 9, 58),
(45, '2023-03-04 13:14:02.614', '2023-03-04 13:14:02.614', NULL, 5, 9, 54),
(46, '2023-03-04 13:14:02.616', '2023-03-04 13:14:02.616', NULL, 1, 10, 62),
(47, '2023-03-04 13:14:02.618', '2023-03-04 13:14:02.618', NULL, 2, 10, 61),
(48, '2023-03-04 13:14:02.621', '2023-03-04 13:14:02.621', NULL, 3, 10, 60),
(49, '2023-03-04 13:14:02.623', '2023-03-04 13:14:02.623', NULL, 4, 10, 59),
(50, '2023-03-04 13:14:02.625', '2023-03-04 13:14:02.625', NULL, 5, 10, 65),
(51, '2023-03-04 13:14:02.628', '2023-03-04 13:14:02.628', NULL, 1, 11, 69),
(52, '2023-03-04 13:14:02.630', '2023-03-04 13:14:02.630', NULL, 2, 11, 68),
(53, '2023-03-04 13:14:02.632', '2023-03-04 13:14:02.632', NULL, 3, 11, 72),
(54, '2023-03-04 13:14:02.634', '2023-03-04 13:14:02.634', NULL, 4, 11, 71),
(55, '2023-03-04 13:14:02.636', '2023-03-04 13:14:02.636', NULL, 5, 11, 73),
(56, '2023-03-04 13:14:02.639', '2023-03-04 13:14:02.639', NULL, 1, 12, 80),
(57, '2023-03-04 13:14:02.641', '2023-03-04 13:14:02.641', NULL, 2, 12, 78),
(58, '2023-03-04 13:14:02.643', '2023-03-04 13:14:02.643', NULL, 3, 12, 75),
(59, '2023-03-04 13:14:02.644', '2023-03-04 13:14:02.644', NULL, 4, 12, 76),
(60, '2023-03-04 13:14:02.646', '2023-03-04 13:14:02.646', NULL, 5, 12, 79),
(61, '2023-03-04 13:14:02.648', '2023-03-04 13:14:02.648', NULL, 1, 13, 89),
(62, '2023-03-04 13:14:02.650', '2023-03-04 13:14:02.650', NULL, 2, 13, 86),
(63, '2023-03-04 13:14:02.652', '2023-03-04 13:14:02.652', NULL, 3, 13, 87),
(64, '2023-03-04 13:14:02.653', '2023-03-04 13:14:02.653', NULL, 4, 13, 84),
(65, '2023-03-04 13:14:02.655', '2023-03-04 13:14:02.655', NULL, 5, 13, 83),
(66, '2023-03-04 13:14:02.657', '2023-03-04 13:14:02.657', NULL, 1, 14, 91),
(67, '2023-03-04 13:14:02.658', '2023-03-04 13:14:02.658', NULL, 2, 14, 98),
(68, '2023-03-04 13:14:02.660', '2023-03-04 13:14:02.660', NULL, 3, 14, 92),
(69, '2023-03-04 13:14:02.661', '2023-03-04 13:14:02.661', NULL, 4, 14, 96),
(70, '2023-03-04 13:14:02.663', '2023-03-04 13:14:02.663', NULL, 5, 14, 95),
(71, '2023-03-04 13:14:02.664', '2023-03-04 13:14:02.664', NULL, 1, 15, 106),
(72, '2023-03-04 13:14:02.666', '2023-03-04 13:14:02.666', NULL, 2, 15, 104),
(73, '2023-03-04 13:14:02.668', '2023-03-04 13:14:02.668', NULL, 3, 15, 105),
(74, '2023-03-04 13:14:02.670', '2023-03-04 13:14:02.670', NULL, 4, 15, 99),
(75, '2023-03-04 13:14:02.671', '2023-03-04 13:14:02.671', NULL, 5, 15, 100),
(76, '2023-03-04 13:14:02.673', '2023-03-04 13:14:02.673', NULL, 1, 16, 109),
(77, '2023-03-04 13:14:02.675', '2023-03-04 13:14:02.675', NULL, 2, 16, 107),
(78, '2023-03-04 13:14:02.676', '2023-03-04 13:14:02.676', NULL, 3, 16, 111),
(79, '2023-03-04 13:14:02.678', '2023-03-04 13:14:02.678', NULL, 4, 16, 113),
(80, '2023-03-04 13:14:02.680', '2023-03-04 13:14:02.680', NULL, 5, 16, 114),
(81, '2023-03-04 13:14:02.682', '2023-03-04 13:14:02.682', NULL, 1, 17, 122),
(82, '2023-03-04 13:14:02.683', '2023-03-04 13:14:02.683', NULL, 2, 17, 118),
(83, '2023-03-04 13:14:02.685', '2023-03-04 13:14:02.685', NULL, 3, 17, 119),
(84, '2023-03-04 13:14:02.687', '2023-03-04 13:14:02.687', NULL, 4, 17, 117),
(85, '2023-03-04 13:14:02.689', '2023-03-04 13:14:02.689', NULL, 5, 17, 121),
(86, '2023-03-04 13:14:02.691', '2023-03-04 13:14:02.691', NULL, 1, 18, 123),
(87, '2023-03-04 13:14:02.694', '2023-03-04 13:14:02.694', NULL, 2, 18, 125),
(88, '2023-03-04 13:14:02.699', '2023-03-04 13:14:02.699', NULL, 3, 18, 130),
(89, '2023-03-04 13:14:02.704', '2023-03-04 13:14:02.704', NULL, 4, 18, 124),
(90, '2023-03-04 13:14:02.709', '2023-03-04 13:14:02.709', NULL, 5, 18, 128),
(91, '2023-03-04 13:14:02.714', '2023-03-04 13:14:02.714', NULL, 1, 19, 132),
(92, '2023-03-04 13:14:02.719', '2023-03-04 13:14:02.719', NULL, 2, 19, 138),
(93, '2023-03-04 13:14:02.725', '2023-03-04 13:14:02.725', NULL, 3, 19, 133),
(94, '2023-03-04 13:14:02.729', '2023-03-04 13:14:02.729', NULL, 4, 19, 134),
(95, '2023-03-04 13:14:02.734', '2023-03-04 13:14:02.734', NULL, 5, 19, 131),
(96, '2023-03-04 13:14:02.738', '2023-03-04 13:14:02.738', NULL, 1, 20, 139),
(97, '2023-03-04 13:14:02.743', '2023-03-04 13:14:02.743', NULL, 2, 20, 140),
(98, '2023-03-04 13:14:02.748', '2023-03-04 13:14:02.748', NULL, 3, 20, 141),
(99, '2023-03-04 13:14:02.752', '2023-03-04 13:14:02.752', NULL, 4, 20, 142),
(100, '2023-03-04 13:14:02.756', '2023-03-04 13:14:02.756', NULL, 5, 20, 146),
(101, '2023-03-04 13:14:02.759', '2023-03-04 13:14:02.759', NULL, 1, 21, 152),
(102, '2023-03-04 13:14:02.763', '2023-03-04 13:14:02.763', NULL, 2, 21, 147),
(103, '2023-03-04 13:14:02.767', '2023-03-04 13:14:02.767', NULL, 3, 21, 153),
(104, '2023-03-04 13:14:02.770', '2023-03-04 13:14:02.770', NULL, 4, 21, 148),
(105, '2023-03-04 13:14:02.775', '2023-03-04 13:14:02.775', NULL, 5, 21, 151),
(106, '2023-03-04 13:14:02.778', '2023-03-04 13:14:02.778', NULL, 1, 22, 156),
(107, '2023-03-04 13:14:02.781', '2023-03-04 13:14:02.781', NULL, 2, 22, 158),
(108, '2023-03-04 13:14:02.784', '2023-03-04 13:14:02.784', NULL, 3, 22, 155),
(109, '2023-03-04 13:14:02.787', '2023-03-04 13:14:02.787', NULL, 4, 22, 157),
(110, '2023-03-04 13:14:02.790', '2023-03-04 13:14:02.790', NULL, 5, 22, 159),
(111, '2023-03-04 13:14:02.793', '2023-03-04 13:14:02.793', NULL, 1, 23, 170),
(112, '2023-03-04 13:14:02.795', '2023-03-04 13:14:02.795', NULL, 2, 23, 166),
(113, '2023-03-04 13:14:02.798', '2023-03-04 13:14:02.798', NULL, 3, 23, 165),
(114, '2023-03-04 13:14:02.801', '2023-03-04 13:14:02.801', NULL, 4, 23, 164),
(115, '2023-03-04 13:14:02.804', '2023-03-04 13:14:02.804', NULL, 5, 23, 169),
(116, '2023-03-04 13:14:02.807', '2023-03-04 13:14:02.807', NULL, 1, 24, 173),
(117, '2023-03-04 13:14:02.810', '2023-03-04 13:14:02.810', NULL, 2, 24, 174),
(118, '2023-03-04 13:14:02.814', '2023-03-04 13:14:02.814', NULL, 3, 24, 178),
(119, '2023-03-04 13:14:02.816', '2023-03-04 13:14:02.816', NULL, 4, 24, 172),
(120, '2023-03-04 13:14:02.819', '2023-03-04 13:14:02.819', NULL, 5, 24, 175),
(121, '2023-03-04 13:14:02.823', '2023-03-04 13:14:02.823', NULL, 1, 25, 179),
(122, '2023-03-04 13:14:02.826', '2023-03-04 13:14:02.826', NULL, 2, 25, 183),
(123, '2023-03-04 13:14:02.829', '2023-03-04 13:14:02.829', NULL, 3, 25, 185),
(124, '2023-03-04 13:14:02.831', '2023-03-04 13:14:02.831', NULL, 4, 25, 180),
(125, '2023-03-04 13:14:02.834', '2023-03-04 13:14:02.834', NULL, 5, 25, 186),
(126, '2023-03-04 13:14:02.837', '2023-03-04 13:14:02.837', NULL, 1, 26, 189),
(127, '2023-03-04 13:14:02.840', '2023-03-04 13:14:02.840', NULL, 2, 26, 188),
(128, '2023-03-04 13:14:02.843', '2023-03-04 13:14:02.843', NULL, 3, 26, 190),
(129, '2023-03-04 13:14:02.846', '2023-03-04 13:14:02.846', NULL, 4, 26, 194),
(130, '2023-03-04 13:14:02.848', '2023-03-04 13:14:02.848', NULL, 5, 26, 191),
(131, '2023-03-04 13:14:02.851', '2023-03-04 13:14:02.851', NULL, 1, 27, 198),
(132, '2023-03-04 13:14:02.854', '2023-03-04 13:14:02.854', NULL, 2, 27, 197),
(133, '2023-03-04 13:14:02.858', '2023-03-04 13:14:02.858', NULL, 3, 27, 196),
(134, '2023-03-04 13:14:02.861', '2023-03-04 13:14:02.861', NULL, 4, 27, 195),
(135, '2023-03-04 13:14:02.863', '2023-03-04 13:14:02.863', NULL, 5, 27, 201),
(136, '2023-03-04 13:14:02.866', '2023-03-04 13:14:02.866', NULL, 1, 28, 204),
(137, '2023-03-04 13:14:02.869', '2023-03-04 13:14:02.869', NULL, 2, 28, 203),
(138, '2023-03-04 13:14:02.874', '2023-03-04 13:14:02.874', NULL, 3, 28, 208),
(139, '2023-03-04 13:14:02.877', '2023-03-04 13:14:02.877', NULL, 4, 28, 207),
(140, '2023-03-04 13:14:02.880', '2023-03-04 13:14:02.880', NULL, 5, 28, 210),
(141, '2023-03-04 13:14:02.883', '2023-03-04 13:14:02.883', NULL, 1, 29, 216),
(142, '2023-03-04 13:14:02.886', '2023-03-04 13:14:02.886', NULL, 2, 29, 215),
(143, '2023-03-04 13:14:02.889', '2023-03-04 13:14:02.889', NULL, 3, 29, 214),
(144, '2023-03-04 13:14:02.892', '2023-03-04 13:14:02.892', NULL, 4, 29, 217),
(145, '2023-03-04 13:14:02.894', '2023-03-04 13:14:02.894', NULL, 5, 29, 218),
(146, '2023-03-04 13:14:02.897', '2023-03-04 13:14:02.897', NULL, 1, 30, 225),
(147, '2023-03-04 13:14:02.900', '2023-03-04 13:14:02.900', NULL, 2, 30, 224),
(148, '2023-03-04 13:14:02.903', '2023-03-04 13:14:02.903', NULL, 3, 30, 223),
(149, '2023-03-04 13:14:02.906', '2023-03-04 13:14:02.906', NULL, 4, 30, 222),
(150, '2023-03-04 13:14:02.910', '2023-03-04 13:14:02.910', NULL, 5, 30, 221),
(151, '2023-03-04 13:14:02.913', '2023-03-04 13:14:02.913', NULL, 1, 31, 227),
(152, '2023-03-04 13:14:02.915', '2023-03-04 13:14:02.915', NULL, 2, 31, 228),
(153, '2023-03-04 13:14:02.918', '2023-03-04 13:14:02.918', NULL, 3, 31, 232),
(154, '2023-03-04 13:14:02.921', '2023-03-04 13:14:02.921', NULL, 4, 31, 229),
(155, '2023-03-04 13:14:02.924', '2023-03-04 13:14:02.924', NULL, 5, 31, 230),
(156, '2023-03-04 13:14:02.927', '2023-03-04 13:14:02.927', NULL, 1, 32, 239),
(157, '2023-03-04 13:14:02.930', '2023-03-04 13:14:02.930', NULL, 2, 32, 238),
(158, '2023-03-04 13:14:02.932', '2023-03-04 13:14:02.932', NULL, 3, 32, 242),
(159, '2023-03-04 13:14:02.935', '2023-03-04 13:14:02.935', NULL, 4, 32, 240),
(160, '2023-03-04 13:14:02.938', '2023-03-04 13:14:02.938', NULL, 5, 32, 237),
(161, '2023-03-04 13:14:02.942', '2023-03-04 13:14:02.942', NULL, 1, 33, 246),
(162, '2023-03-04 13:14:02.945', '2023-03-04 13:14:02.945', NULL, 2, 33, 245),
(163, '2023-03-04 13:14:02.948', '2023-03-04 13:14:02.948', NULL, 3, 33, 244),
(164, '2023-03-04 13:14:02.950', '2023-03-04 13:14:02.950', NULL, 4, 33, 248),
(165, '2023-03-04 13:14:02.953', '2023-03-04 13:14:02.953', NULL, 5, 33, 249),
(166, '2023-03-04 13:14:02.956', '2023-03-04 13:14:02.956', NULL, 1, 34, 251),
(167, '2023-03-04 13:14:02.959', '2023-03-04 13:14:02.959', NULL, 2, 34, 257),
(168, '2023-03-04 13:14:02.962', '2023-03-04 13:14:02.962', NULL, 3, 34, 258),
(169, '2023-03-04 13:14:02.964', '2023-03-04 13:14:02.964', NULL, 4, 34, 254),
(170, '2023-03-04 13:14:02.967', '2023-03-04 13:14:02.967', NULL, 5, 34, 256),
(171, '2023-03-04 13:14:02.971', '2023-03-04 13:14:02.971', NULL, 1, 35, 263),
(172, '2023-03-04 13:14:02.975', '2023-03-04 13:14:02.975', NULL, 2, 35, 259),
(173, '2023-03-04 13:14:02.978', '2023-03-04 13:14:02.978', NULL, 3, 35, 265),
(174, '2023-03-04 13:14:02.980', '2023-03-04 13:14:02.980', NULL, 4, 35, 260),
(175, '2023-03-04 13:14:02.982', '2023-03-04 13:14:02.982', NULL, 5, 35, 264),
(176, '2023-03-04 13:14:02.985', '2023-03-04 13:14:02.985', NULL, 1, 36, 271),
(177, '2023-03-04 13:14:02.988', '2023-03-04 13:14:02.988', NULL, 2, 36, 274),
(178, '2023-03-04 13:14:02.991', '2023-03-04 13:14:02.991', NULL, 3, 36, 272),
(179, '2023-03-04 13:14:02.994', '2023-03-04 13:14:02.994', NULL, 4, 36, 270),
(180, '2023-03-04 13:14:02.998', '2023-03-04 13:14:02.998', NULL, 5, 36, 269),
(181, '2023-03-04 13:14:03.001', '2023-03-04 13:14:03.001', NULL, 1, 37, 280),
(182, '2023-03-04 13:14:03.003', '2023-03-04 13:14:03.003', NULL, 2, 37, 278),
(183, '2023-03-04 13:14:03.007', '2023-03-04 13:14:03.007', NULL, 3, 37, 282),
(184, '2023-03-04 13:14:03.010', '2023-03-04 13:14:03.010', NULL, 4, 37, 276),
(185, '2023-03-04 13:14:03.012', '2023-03-04 13:14:03.012', NULL, 5, 37, 275),
(186, '2023-03-04 13:14:03.015', '2023-03-04 13:14:03.015', NULL, 1, 38, 285),
(187, '2023-03-04 13:14:03.018', '2023-03-04 13:14:03.018', NULL, 2, 38, 290),
(188, '2023-03-04 13:14:03.020', '2023-03-04 13:14:03.020', NULL, 3, 38, 284),
(189, '2023-03-04 13:14:03.023', '2023-03-04 13:14:03.023', NULL, 4, 38, 283),
(190, '2023-03-04 13:14:03.027', '2023-03-04 13:14:03.027', NULL, 5, 38, 289),
(191, '2023-03-04 13:14:03.031', '2023-03-04 13:14:03.031', NULL, 1, 39, 295),
(192, '2023-03-04 13:14:03.034', '2023-03-04 13:14:03.034', NULL, 2, 39, 294),
(193, '2023-03-04 13:14:03.037', '2023-03-04 13:14:03.037', NULL, 3, 39, 293),
(194, '2023-03-04 13:14:03.040', '2023-03-04 13:14:03.040', NULL, 4, 39, 298),
(195, '2023-03-04 13:14:03.043', '2023-03-04 13:14:03.043', NULL, 5, 39, 292),
(196, '2023-03-04 13:14:03.046', '2023-03-04 13:14:03.046', NULL, 1, 40, 299),
(197, '2023-03-04 13:14:03.048', '2023-03-04 13:14:03.048', NULL, 2, 40, 305),
(198, '2023-03-04 13:14:03.051', '2023-03-04 13:14:03.051', NULL, 3, 40, 301),
(199, '2023-03-04 13:14:03.054', '2023-03-04 13:14:03.054', NULL, 4, 40, 302),
(200, '2023-03-04 13:14:03.057', '2023-03-04 13:14:03.057', NULL, 5, 40, 303),
(201, '2023-03-04 13:14:03.060', '2023-03-04 13:14:03.060', NULL, 1, 41, 307),
(202, '2023-03-04 13:14:03.064', '2023-03-04 13:14:03.064', NULL, 2, 41, 309),
(203, '2023-03-04 13:14:03.067', '2023-03-04 13:14:03.067', NULL, 3, 41, 311),
(204, '2023-03-04 13:14:03.070', '2023-03-04 13:14:03.070', NULL, 4, 41, 308),
(205, '2023-03-04 13:14:03.074', '2023-03-04 13:14:03.074', NULL, 5, 41, 312),
(206, '2023-03-04 13:14:03.076', '2023-03-04 13:14:03.076', NULL, 1, 42, 316),
(207, '2023-03-04 13:14:03.079', '2023-03-04 13:14:03.079', NULL, 2, 42, 317),
(208, '2023-03-04 13:14:03.082', '2023-03-04 13:14:03.082', NULL, 3, 42, 320),
(209, '2023-03-04 13:14:03.084', '2023-03-04 13:14:03.084', NULL, 4, 42, 322),
(210, '2023-03-04 13:14:03.087', '2023-03-04 13:14:03.087', NULL, 5, 42, 319),
(211, '2023-03-04 13:14:03.090', '2023-03-04 13:14:03.090', NULL, 1, 43, 324),
(212, '2023-03-04 13:14:03.094', '2023-03-04 13:14:03.094', NULL, 2, 43, 323),
(213, '2023-03-04 13:14:03.096', '2023-03-04 13:14:03.096', NULL, 3, 43, 328),
(214, '2023-03-04 13:14:03.099', '2023-03-04 13:14:03.099', NULL, 4, 43, 330),
(215, '2023-03-04 13:14:03.102', '2023-03-04 13:14:03.102', NULL, 5, 43, 329),
(216, '2023-03-04 13:14:03.105', '2023-03-04 13:14:03.105', NULL, 1, 44, 336),
(217, '2023-03-04 13:14:03.108', '2023-03-04 13:14:03.108', NULL, 2, 44, 338),
(218, '2023-03-04 13:14:03.111', '2023-03-04 13:14:03.111', NULL, 3, 44, 337),
(219, '2023-03-04 13:14:03.114', '2023-03-04 13:14:03.114', NULL, 4, 44, 331),
(220, '2023-03-04 13:14:03.117', '2023-03-04 13:14:03.117', NULL, 5, 44, 332),
(221, '2023-03-04 13:14:03.120', '2023-03-04 13:14:03.120', NULL, 1, 45, 339),
(222, '2023-03-04 13:14:03.123', '2023-03-04 13:14:03.123', NULL, 2, 45, 341),
(223, '2023-03-04 13:14:03.127', '2023-03-04 13:14:03.127', NULL, 3, 45, 343),
(224, '2023-03-04 13:14:03.130', '2023-03-04 13:14:03.130', NULL, 4, 45, 340),
(225, '2023-03-04 13:14:03.133', '2023-03-04 13:14:03.133', NULL, 5, 45, 346),
(226, '2023-03-04 13:14:03.135', '2023-03-04 13:14:03.135', NULL, 1, 46, 353),
(227, '2023-03-04 13:14:03.140', '2023-03-04 13:14:03.140', NULL, 2, 46, 349),
(228, '2023-03-04 13:14:03.143', '2023-03-04 13:14:03.143', NULL, 3, 46, 350),
(229, '2023-03-04 13:14:03.146', '2023-03-04 13:14:03.146', NULL, 4, 46, 348),
(230, '2023-03-04 13:14:03.148', '2023-03-04 13:14:03.148', NULL, 5, 46, 354),
(231, '2023-03-04 13:14:03.151', '2023-03-04 13:14:03.151', NULL, 1, 47, 358),
(232, '2023-03-04 13:14:03.154', '2023-03-04 13:14:03.154', NULL, 2, 47, 356),
(233, '2023-03-04 13:14:03.156', '2023-03-04 13:14:03.156', NULL, 3, 47, 360),
(234, '2023-03-04 13:14:03.161', '2023-03-04 13:14:03.161', NULL, 4, 47, 361),
(235, '2023-03-04 13:14:03.165', '2023-03-04 13:14:03.165', NULL, 5, 47, 355),
(236, '2023-03-04 13:14:03.170', '2023-03-04 13:14:03.170', NULL, 1, 48, 363),
(237, '2023-03-04 13:14:03.175', '2023-03-04 13:14:03.175', NULL, 2, 48, 370),
(238, '2023-03-04 13:14:03.180', '2023-03-04 13:14:03.180', NULL, 3, 48, 366),
(239, '2023-03-04 13:14:03.185', '2023-03-04 13:14:03.185', NULL, 4, 48, 365),
(240, '2023-03-04 13:14:03.190', '2023-03-04 13:14:03.190', NULL, 5, 48, 367),
(241, '2023-03-04 13:14:03.196', '2023-03-04 13:14:03.196', NULL, 1, 49, 377),
(242, '2023-03-04 13:14:03.201', '2023-03-04 13:14:03.201', NULL, 2, 49, 371),
(243, '2023-03-04 13:14:03.206', '2023-03-04 13:14:03.206', NULL, 3, 49, 375),
(244, '2023-03-04 13:14:03.211', '2023-03-04 13:14:03.211', NULL, 4, 49, 372),
(245, '2023-03-04 13:14:03.216', '2023-03-04 13:14:03.216', NULL, 5, 49, 373),
(246, '2023-03-04 13:14:03.220', '2023-03-04 13:14:03.220', NULL, 1, 50, 382),
(247, '2023-03-04 13:14:03.225', '2023-03-04 13:14:03.225', NULL, 2, 50, 381),
(248, '2023-03-04 13:14:03.230', '2023-03-04 13:14:03.230', NULL, 3, 50, 384),
(249, '2023-03-04 13:14:03.236', '2023-03-04 13:14:03.236', NULL, 4, 50, 383),
(250, '2023-03-04 13:14:03.241', '2023-03-04 13:14:03.241', NULL, 5, 50, 386);

--
-- Dumping data for table `lootboxes`
--

INSERT INTO `lootboxes` (`id`, `created_at`, `updated_at`, `deleted_at`, `x`, `y`, `unlocks_id`, `region_id`) VALUES
(1, '2023-03-04 13:19:23.918', '2023-03-04 13:19:23.918', NULL, 19, 38, 14, 1),
(2, '2023-03-04 13:19:23.920', '2023-03-04 13:19:23.920', NULL, 19, 23, 11, 1),
(3, '2023-03-04 13:19:23.923', '2023-03-04 13:19:23.923', NULL, 11, 5, 17, 1),
(4, '2023-03-04 13:19:23.925', '2023-03-04 13:19:23.925', NULL, 37, 1, 7, 1),
(5, '2023-03-04 13:19:23.927', '2023-03-04 13:19:23.927', NULL, 4, 29, 8, 1),
(6, '2023-03-04 13:19:23.930', '2023-03-04 13:19:23.930', NULL, 36, 34, 1, 2),
(7, '2023-03-04 13:19:23.933', '2023-03-04 13:19:23.933', NULL, 27, 11, 6, 2),
(8, '2023-03-04 13:19:23.936', '2023-03-04 13:19:23.936', NULL, 14, 24, 2, 2),
(9, '2023-03-04 13:19:23.938', '2023-03-04 13:19:23.938', NULL, 38, 4, 18, 2),
(10, '2023-03-04 13:19:23.941', '2023-03-04 13:19:23.941', NULL, 18, 36, 5, 2),
(11, '2023-03-04 13:19:23.943', '2023-03-04 13:19:23.943', NULL, 9, 27, 3, 3),
(12, '2023-03-04 13:19:23.945', '2023-03-04 13:19:23.945', NULL, 33, 7, 13, 3),
(13, '2023-03-04 13:19:23.947', '2023-03-04 13:19:23.947', NULL, 4, 19, 19, 3),
(14, '2023-03-04 13:19:23.950', '2023-03-04 13:19:23.950', NULL, 14, 8, 15, 3),
(15, '2023-03-04 13:19:23.952', '2023-03-04 13:19:23.952', NULL, 27, 19, 9, 3),
(16, '2023-03-04 13:19:23.954', '2023-03-04 13:19:23.954', NULL, 19, 24, 4, 4),
(17, '2023-03-04 13:19:23.957', '2023-03-04 13:19:23.957', NULL, 6, 33, 10, 4),
(18, '2023-03-04 13:19:23.960', '2023-03-04 13:19:23.960', NULL, 10, 4, 20, 4),
(19, '2023-03-04 13:19:23.962', '2023-03-04 13:19:23.962', NULL, 36, 3, 12, 4),
(20, '2023-03-04 13:19:23.965', '2023-03-04 13:19:23.965', NULL, 3, 18, 16, 4);


--
-- Dumping data for table `minicons`
--

INSERT INTO `minicons` (`id`, `created_at`, `updated_at`, `deleted_at`, `name`, `base_health`, `base_attack`, `description`, `image_link`, `type_id`) VALUES
(1, '2023-03-14 21:59:05.556', '2023-03-14 21:59:05.556', NULL, 'Krunk', 1040, 450, 'Krunk is a mischievous and sly goblin minicon, with a sinister appearance. It is crafty and resourceful with a talent for erupting chaos. It uses its agility to dart in and out of battle and strikes mercilessly with his sword. Krunk is infused with a mix of cunningness, and unpredictability that keeps his opponents on their toes.', 'krunk.webp', 4),
(2, '2023-03-14 21:59:05.558', '2023-03-14 21:59:05.558', NULL, 'Ember', 980, 450, 'Ember is a formidable goblin minicon that wreaks havoc wherever it goes. A being born from flame, Ember is a valorous and powerful adversary, with a host of deadly abilities at its disposal. If you find yourself facing off against Ember, be prepared for a fierce and fiery battle.', 'ember.webp', 1),
(3, '2023-03-14 21:59:05.560', '2023-03-14 21:59:05.560', NULL, 'Riptide', 1000, 450, 'Riptide is a malicious goblin minicon and is master of the water arts. It is small and blue with venomous skin. Its intense, piercing gaze can be both alluring and intimidating. Riptide is playful and curious, but also opportunistic and greedy.', 'riptide.webp', 2),
(4, '2023-03-14 21:59:05.561', '2023-03-14 21:59:05.561', NULL, 'Keranos', 1000, 468, 'Keranos is a rugged and tough goblin minicon with sharp fangs. It is fast and mercurial , delighting in causing chaos and confusion wherever it goes. It is nimble and quick, able to dodge and evade attacks with ease. Overall, Keranos is a dangerous and unpredictable foe, not to be underestimated.', 'keranos.webp', 3),
(5, '2023-03-14 21:59:05.563', '2023-03-14 21:59:05.563', NULL, 'Deimos', 1040, 450, 'Deimos is your worst nightmare. It is a menacing skeletal minicon that looms over its enemies, radiating an aura of death and decay. Its bones are ancient, and its empty eye sockets are filled with a green glow that burns with intensity. It wields a massive battle axe, and its attacks are swift and deadly. Those who cross his path are doomed to suffer a fate worse than death.', 'deimos.webp', 4),
(6, '2023-03-14 21:59:05.564', '2023-03-14 21:59:05.564', NULL, 'Adranus', 1000, 450, 'Adranus is infused with the power of fire, granting it incredible strength and resilience. It is driven by its desire to spread destruction and chaos wherever it goes, Its eyes burn with an intense heat, glowing bright red.', 'adranus.webp', 1),
(7, '2023-03-14 21:59:05.566', '2023-03-14 21:59:05.566', NULL, 'Osiris', 1000, 468, 'Osiris is a terrifying and gruesome minicon that strikes fear into the hearts of all who encounter it. Osiris posses a skeletal appearance, with bones made of ice-blue water. Its movements are swift as a stream and sharp as ice. Osiris will ensure those who encounter it don`t forget it anytime soon.', 'osiris.webp', 2),
(8, '2023-03-14 21:59:05.567', '2023-03-14 21:59:05.567', NULL, 'Thunderbolt', 980, 450, 'Thunderbolt is a fearsome and imposing creature, possessing both the power of electricity and the eerie appearance of a skeletal figure. Adorned in jagged, metallic armour, with glowing grey eyes that seem to burn with otherworldly energy, Thunderbolt is a ruthless and aggressive fighter, driven by a fierce desire to dominate and destroy its enemies.', 'thunderbolt.webp', 3),
(9, '2023-03-14 21:59:05.569', '2023-03-14 21:59:05.569', NULL, 'Daredevil', 1030, 465, 'Daredevil wields a sharp, blood-red club used to deliver deadly blows to opponents. This minicon is known for its daring moves and fearless approach to combat, making them a formidable opponent in any battle. Daredevil is fearless and always ready to take on any challenge, no matter how dangerous it may seem.', 'daredevil.webp', 4),
(10, '2023-03-14 21:59:05.571', '2023-03-14 21:59:05.571', NULL, 'Noir', 1000, 450, 'Noir is a dark armoured figure with a sword as its signature weapon. It is a master of stealth and deception and is always looking for its next score. This minicon is ruthless and calculating, with a deep sense of cynicism that comes from years of living on the fringes of society. Not much is known about Noir, and not much will ever be known about it.', 'noir.webp', 4),
(11, '2023-03-14 21:59:05.573', '2023-03-14 21:59:05.573', NULL, 'Samurai', 1035, 465, 'Samurai is a fearsome warrior, skilled in the art of combat and revered for its honour and bravery. It moves with lightning-fast speed and precision, wielding its trusty katana with deadly accuracy. It is a worthy opponent in any battle. With its deadly sword skills and strategic mind, it is sure to leave its mark on the battlefield and earn the respect of its fellow minicons.', 'samurai.webp', 4),
(12, '2023-03-14 21:59:05.575', '2023-03-14 21:59:05.575', NULL, 'Nightcrawler', 1000, 450, 'Nightcrawler is one of the most tactile and stealthy opponents on the battlefield. With its sleek, shadowy form and lightning-fast reflexes, it is known for its agility and stealth, making it a formidable opponent in battle.', 'nightcrawler.webp', 4),
(13, '2023-03-14 21:59:05.576', '2023-03-14 21:59:05.576', NULL, 'Achaeus', 1040, 450, 'Achaeus is a powerful warrior with a strong sense of honour. It is highly skilled in combat, wielding a sword with incredible proficiency. Years of training and experience have made it an intimidating opponent in combat.', 'achaeus.webp', 4),
(14, '2023-03-14 21:59:05.578', '2023-03-14 21:59:05.578', NULL, 'Laurence', 1000, 468, 'A valorant minicon renowned for its golden armour and the fiery labrys he wields in battle. In battle, Laurence is a frightening opponent. Its strength and agility make it difficult to hit, while its armour protects it from even the most powerful attacks. Its code of chivalry and loyalty are often admired.', 'laurence.webp', 1),
(15, '2023-03-14 21:59:05.580', '2023-03-14 21:59:05.580', NULL, 'Glaucus', 980, 450, 'Glaucus is a harrowing minicon that wears navy blue armour and carries a blue axe, making it instantly recognizable. Glaucus is an expert in battle, having honed its skills over many years of fighting. It is a valuable asset, and its combat prowess can often turn the tide of a battle.', 'glaucus.webp', 2),
(16, '2023-03-14 21:59:05.582', '2023-03-14 21:59:05.582', NULL, 'Taranis', 1000, 450, 'Taranis is a fearsome warrior who strikes fear into the hearts of their enemies on the battlefield. Clad in a suit of imposing black armour and wielding a massive black axe, the Taranis is one of the most skilled minicons in the game when it comes to combat. With lightning-quick reactions, Taranis can dodge incoming attacks and strike back with devastating force. This allows it to take on even the most powerful opponents and emerge victorious.', 'taranis.webp', 3),
(17, '2023-03-14 21:59:05.583', '2023-03-14 21:59:05.583', NULL, 'Sensei', 1040, 450, 'Sensei is a skilled warrior that is highly regarded as a mentor and guide. Clad in a traditional Kasa and wielding a powerful sword, Sensei is a force to be reckoned with in battle. Sensei`s ability to read its opponent`s movements and anticipate its next move is next to none.', 'sensei.webp', 4),
(18, '2023-03-14 21:59:05.585', '2023-03-14 21:59:05.585', NULL, 'Phobos', 1000, 433, 'Phobos  is a formidable minicon, equipped with a dark armour and wielding a sword that can cut through anything in its path. It is a fierce opponent that can take down enemies quickly and efficiently. Its sword strikes are fast and precise, it can dodge attacks with ease, making it difficult to hit. Additionally, its armour provides a level of protection that allows them to withstand even the most powerful attacks.', 'phobos.webp', 1),
(19, '2023-03-14 21:59:05.587', '2023-03-14 21:59:05.587', NULL, 'Njord', 1000, 433, 'A fierce viking warrior who is known for its remarkable battle skills, Njord exudes strength and intimidation. It is dressed in a brown and grey armour that protects it from any kind of attack in battle. It uses its strength and skill to outmanoeuvre its opponents and strike them down with devastating blows.', 'njord.webp', 2),
(20, '2023-03-14 21:59:05.588', '2023-03-14 21:59:05.588', NULL, 'Shockwave', 1000, 433, 'Shockwave is known for its impressive battle skills and intimidating appearance. This minicon wears sleek black armour that gleams in the light, giving it an air of mystery and danger. Equipped with a massive axe, this minicon is not to be messed with in combat. Its axe is well-balanced and expertly crafted, allowing it to deliver swift and powerful strikes that can take down even the most resilient opponents.', 'shockwave.webp', 3);

--
-- Dumping data for table `minicon_types`
--

INSERT INTO `minicon_types` (`id`, `created_at`, `updated_at`, `deleted_at`, `name`, `description`) VALUES
(1, '2023-03-04 13:19:23.757', '2023-03-04 13:19:23.757', NULL, 'FIRE', 'Fire is a dangerous element. It can burn you, and it can burn your house down. It can also be used to cook food, and to keep you warm.'),
(2, '2023-03-04 13:19:23.762', '2023-03-04 13:19:23.762', NULL, 'WATER', 'Water is a very useful element. It can be used to drink, to wash, and to cook. It can also be used to put out fires.'),
(3, '2023-03-04 13:19:23.766', '2023-03-04 13:19:23.766', NULL, 'THUNDER', 'Thunder is as dangerous as it sounds but not just dangerous it is fast in attacking opponents'),
(4, '2023-03-04 13:19:23.771', '2023-03-04 13:19:23.771', NULL, 'NORMAL', 'Normal might seem basic, but it has no intrinsic weakness, unlike other types. Who`s basic now?');

--
-- Dumping data for table `owned_minicons`
--

INSERT INTO `owned_minicons` (`id`, `created_at`, `updated_at`, `deleted_at`, `health`, `attack`, `xp`, `level`, `owner_id`, `minicon_id`) VALUES
(1, '2023-03-14 21:59:05.954', '2023-03-14 21:59:05.954', NULL, 1040, 450, 0, 1, 1, 17),
(2, '2023-03-14 21:59:05.956', '2023-03-14 21:59:05.956', NULL, 1000, 450, 0, 1, 1, 6),
(3, '2023-03-14 21:59:05.958', '2023-03-14 21:59:05.958', NULL, 980, 450, 0, 1, 1, 2),
(4, '2023-03-14 21:59:05.959', '2023-03-14 21:59:05.959', NULL, 1000, 450, 0, 1, 1, 3),
(5, '2023-03-14 21:59:05.963', '2023-03-14 21:59:05.963', NULL, 1000, 450, 0, 1, 1, 12),
(6, '2023-03-14 21:59:05.965', '2023-03-14 21:59:05.965', NULL, 1000, 450, 0, 1, 2, 10),
(7, '2023-03-14 21:59:05.967', '2023-03-14 21:59:05.967', NULL, 1040, 450, 0, 1, 2, 17),
(8, '2023-03-14 21:59:05.968', '2023-03-14 21:59:05.968', NULL, 1000, 433, 0, 1, 2, 19),
(9, '2023-03-14 21:59:05.970', '2023-03-14 21:59:05.970', NULL, 1000, 433, 0, 1, 2, 20),
(10, '2023-03-14 21:59:05.971', '2023-03-14 21:59:05.971', NULL, 1040, 450, 0, 1, 2, 1),
(11, '2023-03-14 21:59:05.973', '2023-03-14 21:59:05.973', NULL, 1000, 433, 0, 1, 3, 20),
(12, '2023-03-14 21:59:05.975', '2023-03-14 21:59:05.975', NULL, 1000, 450, 0, 1, 3, 16),
(13, '2023-03-14 21:59:05.977', '2023-03-14 21:59:05.977', NULL, 1035, 465, 0, 1, 3, 11),
(14, '2023-03-14 21:59:05.979', '2023-03-14 21:59:05.979', NULL, 980, 450, 0, 1, 3, 8),
(15, '2023-03-14 21:59:05.980', '2023-03-14 21:59:05.980', NULL, 1000, 433, 0, 1, 3, 18),
(16, '2023-03-14 21:59:05.983', '2023-03-14 21:59:05.983', NULL, 1000, 433, 0, 1, 4, 20),
(17, '2023-03-14 21:59:05.984', '2023-03-14 21:59:05.984', NULL, 1000, 450, 0, 1, 4, 3),
(18, '2023-03-14 21:59:05.986', '2023-03-14 21:59:05.986', NULL, 1000, 433, 0, 1, 4, 18),
(19, '2023-03-14 21:59:05.988', '2023-03-14 21:59:05.988', NULL, 980, 450, 0, 1, 4, 8),
(20, '2023-03-14 21:59:05.991', '2023-03-14 21:59:05.991', NULL, 1040, 450, 0, 1, 4, 13),
(22, '2023-03-14 21:59:05.992', '2023-03-14 21:59:05.992', NULL, 1040, 450, 0, 1, 5, 17),
(23, '2023-03-14 21:59:05.994', '2023-03-14 21:59:05.994', NULL, 1040, 450, 0, 1, 5, 13),
(24, '2023-03-14 21:59:05.995', '2023-03-14 21:59:05.995', NULL, 1000, 450, 0, 1, 5, 3),
(25, '2023-03-14 21:59:05.997', '2023-03-14 21:59:05.997', NULL, 980, 450, 0, 1, 5, 15),
(26, '2023-03-14 21:59:05.999', '2023-03-14 21:59:05.999', NULL, 1000, 468, 0, 1, 5, 7),
(29, '2023-03-14 21:59:06.000', '2023-03-14 21:59:06.000', NULL, 1000, 468, 0, 1, 6, 7),
(30, '2023-03-14 21:59:06.002', '2023-03-14 21:59:06.002', NULL, 1040, 450, 0, 1, 6, 13),
(31, '2023-03-14 21:59:06.004', '2023-03-14 21:59:06.004', NULL, 980, 450, 0, 1, 6, 2),
(32, '2023-03-14 21:59:06.005', '2023-03-14 21:59:06.005', NULL, 1040, 450, 0, 1, 6, 17),
(33, '2023-03-14 21:59:06.007', '2023-03-14 21:59:06.007', NULL, 1000, 468, 0, 1, 6, 4),
(35, '2023-03-14 21:59:06.011', '2023-03-14 21:59:06.011', NULL, 1040, 450, 0, 1, 7, 17),
(36, '2023-03-14 21:59:06.009', '2023-03-14 21:59:06.009', NULL, 1035, 465, 0, 1, 7, 11),
(37, '2023-03-14 21:59:06.013', '2023-03-14 21:59:06.013', NULL, 980, 450, 0, 1, 7, 8),
(39, '2023-03-14 21:59:06.015', '2023-03-14 21:59:06.015', NULL, 1000, 433, 0, 1, 7, 18),
(42, '2023-03-14 21:59:06.016', '2023-03-14 21:59:06.016', NULL, 1000, 450, 0, 1, 7, 6),
(44, '2023-03-14 21:59:06.028', '2023-03-14 21:59:06.028', NULL, 1040, 450, 0, 1, 8, 17),
(45, '2023-03-14 21:59:06.018', '2023-03-14 21:59:06.018', NULL, 1000, 450, 0, 1, 8, 10),
(46, '2023-03-14 21:59:06.026', '2023-03-14 21:59:06.026', NULL, 1000, 433, 0, 1, 8, 19),
(47, '2023-03-14 21:59:06.029', '2023-03-14 21:59:06.029', NULL, 1040, 450, 0, 1, 8, 5),
(49, '2023-03-14 21:59:06.019', '2023-03-14 21:59:06.019', NULL, 1030, 465, 0, 1, 8, 9),
(51, '2023-03-14 21:59:06.031', '2023-03-14 21:59:06.031', NULL, 1000, 468, 0, 1, 9, 7),
(52, '2023-03-14 21:59:06.032', '2023-03-14 21:59:06.032', NULL, 1000, 433, 0, 1, 9, 18),
(53, '2023-03-14 21:59:06.034', '2023-03-14 21:59:06.034', NULL, 1000, 450, 0, 1, 9, 16),
(54, '2023-03-14 21:59:06.038', '2023-03-14 21:59:06.038', NULL, 1000, 450, 0, 1, 9, 12),
(58, '2023-03-14 21:59:06.036', '2023-03-14 21:59:06.036', NULL, 1030, 465, 0, 1, 9, 9),
(59, '2023-03-14 21:59:06.045', '2023-03-14 21:59:06.045', NULL, 980, 450, 0, 1, 10, 15),
(60, '2023-03-14 21:59:06.043', '2023-03-14 21:59:06.043', NULL, 1000, 468, 0, 1, 10, 7),
(61, '2023-03-14 21:59:06.041', '2023-03-14 21:59:06.041', NULL, 1000, 433, 0, 1, 10, 19),
(62, '2023-03-14 21:59:06.039', '2023-03-14 21:59:06.039', NULL, 1000, 450, 0, 1, 10, 10),
(65, '2023-03-14 21:59:06.047', '2023-03-14 21:59:06.047', NULL, 1000, 450, 0, 1, 10, 12),
(68, '2023-03-14 21:59:06.051', '2023-03-14 21:59:06.051', NULL, 1000, 468, 0, 1, 11, 7),
(69, '2023-03-14 21:59:06.049', '2023-03-14 21:59:06.049', NULL, 1030, 465, 0, 1, 11, 9),
(71, '2023-03-14 21:59:06.055', '2023-03-14 21:59:06.055', NULL, 1040, 450, 0, 1, 11, 17),
(72, '2023-03-14 21:59:06.053', '2023-03-14 21:59:06.053', NULL, 1000, 450, 0, 1, 11, 6),
(73, '2023-03-14 21:59:06.056', '2023-03-14 21:59:06.056', NULL, 980, 450, 0, 1, 11, 2),
(75, '2023-03-14 21:59:06.061', '2023-03-14 21:59:06.061', NULL, 1000, 468, 0, 1, 12, 14),
(76, '2023-03-14 21:59:06.062', '2023-03-14 21:59:06.062', NULL, 1040, 450, 0, 1, 12, 17),
(78, '2023-03-14 21:59:06.059', '2023-03-14 21:59:06.059', NULL, 1000, 450, 0, 1, 12, 3),
(79, '2023-03-14 21:59:06.064', '2023-03-14 21:59:06.064', NULL, 980, 450, 0, 1, 12, 15),
(80, '2023-03-14 21:59:06.058', '2023-03-14 21:59:06.058', NULL, 1035, 465, 0, 1, 12, 11),
(83, '2023-03-14 21:59:06.073', '2023-03-14 21:59:06.073', NULL, 980, 450, 0, 1, 13, 2),
(84, '2023-03-14 21:59:06.071', '2023-03-14 21:59:06.071', NULL, 1000, 450, 0, 1, 13, 6),
(86, '2023-03-14 21:59:06.067', '2023-03-14 21:59:06.067', NULL, 1000, 450, 0, 1, 13, 12),
(87, '2023-03-14 21:59:06.069', '2023-03-14 21:59:06.069', NULL, 1000, 450, 0, 1, 13, 3),
(89, '2023-03-14 21:59:06.065', '2023-03-14 21:59:06.065', NULL, 1030, 465, 0, 1, 13, 9),
(91, '2023-03-14 21:59:06.076', '2023-03-14 21:59:06.076', NULL, 1040, 450, 0, 1, 14, 1),
(92, '2023-03-14 21:59:06.079', '2023-03-14 21:59:06.079', NULL, 1040, 450, 0, 1, 14, 5),
(95, '2023-03-14 21:59:06.082', '2023-03-14 21:59:06.082', NULL, 1000, 468, 0, 1, 14, 14),
(96, '2023-03-14 21:59:06.080', '2023-03-14 21:59:06.080', NULL, 1030, 465, 0, 1, 14, 9),
(98, '2023-03-14 21:59:06.077', '2023-03-14 21:59:06.077', NULL, 1000, 450, 0, 1, 14, 12),
(99, '2023-03-14 21:59:06.089', '2023-03-14 21:59:06.089', NULL, 1000, 433, 0, 1, 15, 18),
(100, '2023-03-14 21:59:06.091', '2023-03-14 21:59:06.091', NULL, 980, 450, 0, 1, 15, 15),
(104, '2023-03-14 21:59:06.085', '2023-03-14 21:59:06.085', NULL, 1040, 450, 0, 1, 15, 1),
(105, '2023-03-14 21:59:06.088', '2023-03-14 21:59:06.088', NULL, 980, 450, 0, 1, 15, 8),
(106, '2023-03-14 21:59:06.083', '2023-03-14 21:59:06.083', NULL, 980, 450, 0, 1, 15, 2),
(107, '2023-03-14 21:59:06.094', '2023-03-14 21:59:06.094', NULL, 1000, 450, 0, 1, 16, 6),
(109, '2023-03-14 21:59:06.092', '2023-03-14 21:59:06.092', NULL, 1040, 450, 0, 1, 16, 5),
(111, '2023-03-14 21:59:06.096', '2023-03-14 21:59:06.096', NULL, 1000, 450, 0, 1, 16, 12),
(113, '2023-03-14 21:59:06.097', '2023-03-14 21:59:06.097', NULL, 980, 450, 0, 1, 16, 2),
(114, '2023-03-14 21:59:06.100', '2023-03-14 21:59:06.100', NULL, 1040, 450, 0, 1, 16, 13),
(117, '2023-03-14 21:59:06.107', '2023-03-14 21:59:06.107', NULL, 1030, 465, 0, 1, 17, 9),
(118, '2023-03-14 21:59:06.104', '2023-03-14 21:59:06.104', NULL, 1035, 465, 0, 1, 17, 11),
(119, '2023-03-14 21:59:06.106', '2023-03-14 21:59:06.106', NULL, 1000, 468, 0, 1, 17, 7),
(121, '2023-03-14 21:59:06.109', '2023-03-14 21:59:06.109', NULL, 1000, 450, 0, 1, 17, 6),
(122, '2023-03-14 21:59:06.102', '2023-03-14 21:59:06.102', NULL, 1040, 450, 0, 1, 17, 1),
(123, '2023-03-14 21:59:06.111', '2023-03-14 21:59:06.111', NULL, 1000, 450, 0, 1, 18, 12),
(124, '2023-03-14 21:59:06.116', '2023-03-14 21:59:06.116', NULL, 1000, 433, 0, 1, 18, 19),
(125, '2023-03-14 21:59:06.113', '2023-03-14 21:59:06.113', NULL, 1000, 433, 0, 1, 18, 20),
(128, '2023-03-14 21:59:06.117', '2023-03-14 21:59:06.117', NULL, 1030, 465, 0, 1, 18, 9),
(130, '2023-03-14 21:59:06.114', '2023-03-14 21:59:06.114', NULL, 1000, 450, 0, 1, 18, 10),
(131, '2023-03-14 21:59:06.125', '2023-03-14 21:59:06.125', NULL, 1030, 465, 0, 1, 19, 9),
(132, '2023-03-14 21:59:06.119', '2023-03-14 21:59:06.119', NULL, 1035, 465, 0, 1, 19, 11),
(133, '2023-03-14 21:59:06.122', '2023-03-14 21:59:06.122', NULL, 1000, 450, 0, 1, 19, 16),
(134, '2023-03-14 21:59:06.124', '2023-03-14 21:59:06.124', NULL, 1000, 450, 0, 1, 19, 12),
(138, '2023-03-14 21:59:06.120', '2023-03-14 21:59:06.120', NULL, 980, 450, 0, 1, 19, 2),
(139, '2023-03-14 21:59:06.127', '2023-03-14 21:59:06.127', NULL, 1000, 450, 0, 1, 20, 10),
(140, '2023-03-14 21:59:06.129', '2023-03-14 21:59:06.129', NULL, 1000, 450, 0, 1, 20, 6),
(141, '2023-03-14 21:59:06.131', '2023-03-14 21:59:06.131', NULL, 1040, 450, 0, 1, 20, 1),
(142, '2023-03-14 21:59:06.132', '2023-03-14 21:59:06.132', NULL, 1000, 433, 0, 1, 20, 20),
(146, '2023-03-14 21:59:06.134', '2023-03-14 21:59:06.134', NULL, 1000, 450, 0, 1, 20, 12),
(147, '2023-03-14 21:59:06.138', '2023-03-14 21:59:06.138', NULL, 1000, 450, 0, 1, 21, 16),
(148, '2023-03-14 21:59:06.141', '2023-03-14 21:59:06.141', NULL, 1000, 433, 0, 1, 21, 19),
(151, '2023-03-14 21:59:06.143', '2023-03-14 21:59:06.143', NULL, 980, 450, 0, 1, 21, 8),
(152, '2023-03-14 21:59:06.136', '2023-03-14 21:59:06.136', NULL, 1000, 468, 0, 1, 21, 7),
(153, '2023-03-14 21:59:06.140', '2023-03-14 21:59:06.140', NULL, 1000, 433, 0, 1, 21, 18),
(155, '2023-03-14 21:59:06.147', '2023-03-14 21:59:06.147', NULL, 1000, 433, 0, 1, 22, 18),
(156, '2023-03-14 21:59:06.144', '2023-03-14 21:59:06.144', NULL, 1000, 450, 0, 1, 22, 6),
(157, '2023-03-14 21:59:06.149', '2023-03-14 21:59:06.149', NULL, 1000, 468, 0, 1, 22, 4),
(158, '2023-03-14 21:59:06.146', '2023-03-14 21:59:06.146', NULL, 1030, 465, 0, 1, 22, 9),
(159, '2023-03-14 21:59:06.150', '2023-03-14 21:59:06.150', NULL, 1000, 433, 0, 1, 22, 20),
(164, '2023-03-14 21:59:06.158', '2023-03-14 21:59:06.158', NULL, 1000, 450, 0, 1, 23, 10),
(165, '2023-03-14 21:59:06.156', '2023-03-14 21:59:06.156', NULL, 1030, 465, 0, 1, 23, 9),
(166, '2023-03-14 21:59:06.155', '2023-03-14 21:59:06.155', NULL, 1000, 433, 0, 1, 23, 18),
(169, '2023-03-14 21:59:06.159', '2023-03-14 21:59:06.159', NULL, 1040, 450, 0, 1, 23, 13),
(170, '2023-03-14 21:59:06.153', '2023-03-14 21:59:06.153', NULL, 1040, 450, 0, 1, 23, 5),
(172, '2023-03-14 21:59:06.167', '2023-03-14 21:59:06.167', NULL, 1000, 468, 0, 1, 24, 7),
(173, '2023-03-14 21:59:06.161', '2023-03-14 21:59:06.161', NULL, 1000, 450, 0, 1, 24, 16),
(174, '2023-03-14 21:59:06.163', '2023-03-14 21:59:06.163', NULL, 980, 450, 0, 1, 24, 8),
(175, '2023-03-14 21:59:06.169', '2023-03-14 21:59:06.169', NULL, 1000, 433, 0, 1, 24, 19),
(178, '2023-03-14 21:59:06.165', '2023-03-14 21:59:06.165', NULL, 1000, 468, 0, 1, 24, 14),
(179, '2023-03-14 21:59:06.170', '2023-03-14 21:59:06.170', NULL, 1000, 450, 0, 1, 25, 3),
(180, '2023-03-14 21:59:06.175', '2023-03-14 21:59:06.175', NULL, 1000, 450, 0, 1, 25, 12),
(183, '2023-03-14 21:59:06.172', '2023-03-14 21:59:06.172', NULL, 1040, 450, 0, 1, 25, 1),
(185, '2023-03-14 21:59:06.174', '2023-03-14 21:59:06.174', NULL, 1000, 468, 0, 1, 25, 7),
(186, '2023-03-14 21:59:06.177', '2023-03-14 21:59:06.177', NULL, 1040, 450, 0, 1, 25, 5),
(188, '2023-03-14 21:59:06.181', '2023-03-14 21:59:06.181', NULL, 1040, 450, 0, 1, 26, 17),
(189, '2023-03-14 21:59:06.179', '2023-03-14 21:59:06.179', NULL, 980, 450, 0, 1, 26, 2),
(190, '2023-03-14 21:59:06.183', '2023-03-14 21:59:06.183', NULL, 1000, 468, 0, 1, 26, 14),
(191, '2023-03-14 21:59:06.186', '2023-03-14 21:59:06.186', NULL, 1000, 468, 0, 1, 26, 7),
(194, '2023-03-14 21:59:06.184', '2023-03-14 21:59:06.184', NULL, 1000, 433, 0, 1, 26, 19),
(195, '2023-03-14 21:59:06.193', '2023-03-14 21:59:06.193', NULL, 1000, 468, 0, 1, 27, 14),
(196, '2023-03-14 21:59:06.191', '2023-03-14 21:59:06.191', NULL, 1000, 468, 0, 1, 27, 7),
(197, '2023-03-14 21:59:06.189', '2023-03-14 21:59:06.189', NULL, 1000, 433, 0, 1, 27, 18),
(198, '2023-03-14 21:59:06.188', '2023-03-14 21:59:06.188', NULL, 1000, 450, 0, 1, 27, 3),
(201, '2023-03-14 21:59:06.195', '2023-03-14 21:59:06.195', NULL, 1000, 450, 0, 1, 27, 10),
(203, '2023-03-14 21:59:06.199', '2023-03-14 21:59:06.199', NULL, 1000, 433, 0, 1, 28, 18),
(204, '2023-03-14 21:59:06.197', '2023-03-14 21:59:06.197', NULL, 1040, 450, 0, 1, 28, 13),
(207, '2023-03-14 21:59:06.203', '2023-03-14 21:59:06.203', NULL, 1000, 433, 0, 1, 28, 19),
(208, '2023-03-14 21:59:06.200', '2023-03-14 21:59:06.200', NULL, 1000, 468, 0, 1, 28, 7),
(210, '2023-03-14 21:59:06.204', '2023-03-14 21:59:06.204', NULL, 1030, 465, 0, 1, 28, 9),
(214, '2023-03-14 21:59:06.212', '2023-03-14 21:59:06.212', NULL, 1000, 450, 0, 1, 29, 12),
(215, '2023-03-14 21:59:06.210', '2023-03-14 21:59:06.210', NULL, 1000, 468, 0, 1, 29, 4),
(216, '2023-03-14 21:59:06.208', '2023-03-14 21:59:06.208', NULL, 1000, 433, 0, 1, 29, 19),
(217, '2023-03-14 21:59:06.213', '2023-03-14 21:59:06.213', NULL, 1000, 433, 0, 1, 29, 18),
(218, '2023-03-14 21:59:06.215', '2023-03-14 21:59:06.215', NULL, 1040, 450, 0, 1, 29, 1),
(221, '2023-03-14 21:59:06.223', '2023-03-14 21:59:06.223', NULL, 1040, 450, 0, 1, 30, 13),
(222, '2023-03-14 21:59:06.221', '2023-03-14 21:59:06.221', NULL, 1000, 450, 0, 1, 30, 12),
(223, '2023-03-14 21:59:06.220', '2023-03-14 21:59:06.220', NULL, 1000, 433, 0, 1, 30, 20),
(224, '2023-03-14 21:59:06.218', '2023-03-14 21:59:06.218', NULL, 1040, 450, 0, 1, 30, 1),
(225, '2023-03-14 21:59:06.216', '2023-03-14 21:59:06.216', NULL, 1000, 433, 0, 1, 30, 18),
(227, '2023-03-14 21:59:06.224', '2023-03-14 21:59:06.224', NULL, 1030, 465, 0, 1, 31, 9),
(228, '2023-03-14 21:59:06.227', '2023-03-14 21:59:06.227', NULL, 1000, 468, 0, 1, 31, 7),
(229, '2023-03-14 21:59:06.231', '2023-03-14 21:59:06.231', NULL, 1000, 468, 0, 1, 31, 14),
(230, '2023-03-14 21:59:06.232', '2023-03-14 21:59:06.232', NULL, 980, 450, 0, 1, 31, 2),
(232, '2023-03-14 21:59:06.228', '2023-03-14 21:59:06.228', NULL, 1040, 450, 0, 1, 31, 1),
(237, '2023-03-14 21:59:06.241', '2023-03-14 21:59:06.241', NULL, 1040, 450, 0, 1, 32, 1),
(238, '2023-03-14 21:59:06.236', '2023-03-14 21:59:06.236', NULL, 1000, 450, 0, 1, 32, 6),
(239, '2023-03-14 21:59:06.234', '2023-03-14 21:59:06.234', NULL, 1035, 465, 0, 1, 32, 11),
(240, '2023-03-14 21:59:06.239', '2023-03-14 21:59:06.239', NULL, 1000, 433, 0, 1, 32, 18),
(242, '2023-03-14 21:59:06.238', '2023-03-14 21:59:06.238', NULL, 1030, 465, 0, 1, 32, 9),
(244, '2023-03-14 21:59:06.245', '2023-03-14 21:59:06.245', NULL, 1040, 450, 0, 1, 33, 1),
(245, '2023-03-14 21:59:06.244', '2023-03-14 21:59:06.244', NULL, 980, 450, 0, 1, 33, 8),
(246, '2023-03-14 21:59:06.242', '2023-03-14 21:59:06.242', NULL, 1000, 468, 0, 1, 33, 7),
(248, '2023-03-14 21:59:06.247', '2023-03-14 21:59:06.247', NULL, 1000, 450, 0, 1, 33, 16),
(249, '2023-03-14 21:59:06.248', '2023-03-14 21:59:06.248', NULL, 1030, 465, 0, 1, 33, 9),
(251, '2023-03-14 21:59:06.250', '2023-03-14 21:59:06.250', NULL, 980, 450, 0, 1, 34, 15),
(254, '2023-03-14 21:59:06.256', '2023-03-14 21:59:06.256', NULL, 1030, 465, 0, 1, 34, 9),
(256, '2023-03-14 21:59:06.257', '2023-03-14 21:59:06.257', NULL, 1040, 450, 0, 1, 34, 13),
(257, '2023-03-14 21:59:06.252', '2023-03-14 21:59:06.252', NULL, 1000, 468, 0, 1, 34, 14),
(258, '2023-03-14 21:59:06.254', '2023-03-14 21:59:06.254', NULL, 1035, 465, 0, 1, 34, 11),
(259, '2023-03-14 21:59:06.261', '2023-03-14 21:59:06.261', NULL, 980, 450, 0, 1, 35, 2),
(260, '2023-03-14 21:59:06.266', '2023-03-14 21:59:06.266', NULL, 1040, 450, 0, 1, 35, 17),
(263, '2023-03-14 21:59:06.259', '2023-03-14 21:59:06.259', NULL, 1000, 450, 0, 1, 35, 10),
(264, '2023-03-14 21:59:06.267', '2023-03-14 21:59:06.267', NULL, 1040, 450, 0, 1, 35, 1),
(265, '2023-03-14 21:59:06.264', '2023-03-14 21:59:06.264', NULL, 1035, 465, 0, 1, 35, 11),
(269, '2023-03-14 21:59:06.276', '2023-03-14 21:59:06.276', NULL, 1000, 468, 0, 1, 36, 14),
(270, '2023-03-14 21:59:06.274', '2023-03-14 21:59:06.274', NULL, 1040, 450, 0, 1, 36, 1),
(271, '2023-03-14 21:59:06.269', '2023-03-14 21:59:06.269', NULL, 1000, 433, 0, 1, 36, 19),
(272, '2023-03-14 21:59:06.272', '2023-03-14 21:59:06.272', NULL, 1040, 450, 0, 1, 36, 5),
(274, '2023-03-14 21:59:06.271', '2023-03-14 21:59:06.271', NULL, 1000, 450, 0, 1, 36, 12),
(275, '2023-03-14 21:59:06.283', '2023-03-14 21:59:06.283', NULL, 1000, 468, 0, 1, 37, 4),
(276, '2023-03-14 21:59:06.282', '2023-03-14 21:59:06.282', NULL, 1040, 450, 0, 1, 37, 1),
(278, '2023-03-14 21:59:06.279', '2023-03-14 21:59:06.279', NULL, 1040, 450, 0, 1, 37, 13),
(280, '2023-03-14 21:59:06.277', '2023-03-14 21:59:06.277', NULL, 1030, 465, 0, 1, 37, 9),
(282, '2023-03-14 21:59:06.280', '2023-03-14 21:59:06.280', NULL, 1035, 465, 0, 1, 37, 11),
(283, '2023-03-14 21:59:06.293', '2023-03-14 21:59:06.293', NULL, 1030, 465, 0, 1, 38, 9),
(284, '2023-03-14 21:59:06.291', '2023-03-14 21:59:06.291', NULL, 980, 450, 0, 1, 38, 8),
(285, '2023-03-14 21:59:06.285', '2023-03-14 21:59:06.285', NULL, 980, 450, 0, 1, 38, 2),
(289, '2023-03-14 21:59:06.295', '2023-03-14 21:59:06.295', NULL, 1040, 450, 0, 1, 38, 1),
(290, '2023-03-14 21:59:06.289', '2023-03-14 21:59:06.289', NULL, 1040, 450, 0, 1, 38, 17),
(292, '2023-03-14 21:59:06.303', '2023-03-14 21:59:06.303', NULL, 1000, 433, 0, 1, 39, 18),
(293, '2023-03-14 21:59:06.300', '2023-03-14 21:59:06.300', NULL, 1000, 450, 0, 1, 39, 10),
(294, '2023-03-14 21:59:06.298', '2023-03-14 21:59:06.298', NULL, 980, 450, 0, 1, 39, 15),
(295, '2023-03-14 21:59:06.297', '2023-03-14 21:59:06.297', NULL, 1040, 450, 0, 1, 39, 17),
(298, '2023-03-14 21:59:06.302', '2023-03-14 21:59:06.302', NULL, 1000, 433, 0, 1, 39, 19),
(299, '2023-03-14 21:59:06.305', '2023-03-14 21:59:06.305', NULL, 1000, 450, 0, 1, 40, 10),
(301, '2023-03-14 21:59:06.308', '2023-03-14 21:59:06.308', NULL, 1000, 450, 0, 1, 40, 6),
(302, '2023-03-14 21:59:06.310', '2023-03-14 21:59:06.310', NULL, 1040, 450, 0, 1, 40, 5),
(303, '2023-03-14 21:59:06.311', '2023-03-14 21:59:06.311', NULL, 1040, 450, 0, 1, 40, 1),
(305, '2023-03-14 21:59:06.307', '2023-03-14 21:59:06.307', NULL, 1040, 450, 0, 1, 40, 13),
(307, '2023-03-14 21:59:06.313', '2023-03-14 21:59:06.313', NULL, 1000, 468, 0, 1, 41, 14),
(308, '2023-03-14 21:59:06.319', '2023-03-14 21:59:06.319', NULL, 1000, 433, 0, 1, 41, 18),
(309, '2023-03-14 21:59:06.314', '2023-03-14 21:59:06.314', NULL, 1000, 433, 0, 1, 41, 20),
(311, '2023-03-14 21:59:06.316', '2023-03-14 21:59:06.316', NULL, 980, 450, 0, 1, 41, 2),
(312, '2023-03-14 21:59:06.321', '2023-03-14 21:59:06.321', NULL, 1040, 450, 0, 1, 41, 1),
(316, '2023-03-14 21:59:06.323', '2023-03-14 21:59:06.323', NULL, 980, 450, 0, 1, 42, 8),
(317, '2023-03-14 21:59:06.325', '2023-03-14 21:59:06.325', NULL, 1000, 433, 0, 1, 42, 20),
(319, '2023-03-14 21:59:06.329', '2023-03-14 21:59:06.329', NULL, 1000, 433, 0, 1, 42, 19),
(320, '2023-03-14 21:59:06.326', '2023-03-14 21:59:06.326', NULL, 1000, 468, 0, 1, 42, 7),
(322, '2023-03-14 21:59:06.328', '2023-03-14 21:59:06.328', NULL, 1040, 450, 0, 1, 42, 5),
(323, '2023-03-14 21:59:06.332', '2023-03-14 21:59:06.332', NULL, 980, 450, 0, 1, 43, 15),
(324, '2023-03-14 21:59:06.331', '2023-03-14 21:59:06.331', NULL, 1000, 468, 0, 1, 43, 7),
(328, '2023-03-14 21:59:06.334', '2023-03-14 21:59:06.334', NULL, 1000, 433, 0, 1, 43, 18),
(329, '2023-03-14 21:59:06.338', '2023-03-14 21:59:06.338', NULL, 980, 450, 0, 1, 43, 2),
(330, '2023-03-14 21:59:06.336', '2023-03-14 21:59:06.336', NULL, 1000, 450, 0, 1, 43, 12),
(331, '2023-03-14 21:59:06.344', '2023-03-14 21:59:06.344', NULL, 1040, 450, 0, 1, 44, 5),
(332, '2023-03-14 21:59:06.346', '2023-03-14 21:59:06.346', NULL, 980, 450, 0, 1, 44, 2),
(336, '2023-03-14 21:59:06.339', '2023-03-14 21:59:06.339', NULL, 1000, 450, 0, 1, 44, 12),
(337, '2023-03-14 21:59:06.342', '2023-03-14 21:59:06.343', NULL, 1000, 450, 0, 1, 44, 6),
(338, '2023-03-14 21:59:06.341', '2023-03-14 21:59:06.341', NULL, 1040, 450, 0, 1, 44, 17),
(339, '2023-03-14 21:59:06.349', '2023-03-14 21:59:06.349', NULL, 1035, 465, 0, 1, 45, 11),
(340, '2023-03-14 21:59:06.355', '2023-03-14 21:59:06.355', NULL, 980, 450, 0, 1, 45, 15),
(341, '2023-03-14 21:59:06.351', '2023-03-14 21:59:06.351', NULL, 980, 450, 0, 1, 45, 8),
(343, '2023-03-14 21:59:06.353', '2023-03-14 21:59:06.353', NULL, 1000, 433, 0, 1, 45, 18),
(346, '2023-03-14 21:59:06.357', '2023-03-14 21:59:06.357', NULL, 1000, 450, 0, 1, 45, 10),
(348, '2023-03-14 21:59:06.363', '2023-03-14 21:59:06.363', NULL, 980, 450, 0, 1, 46, 2),
(349, '2023-03-14 21:59:06.360', '2023-03-14 21:59:06.360', NULL, 1000, 433, 0, 1, 46, 19),
(350, '2023-03-14 21:59:06.362', '2023-03-14 21:59:06.362', NULL, 980, 450, 0, 1, 46, 8),
(353, '2023-03-14 21:59:06.359', '2023-03-14 21:59:06.359', NULL, 1000, 433, 0, 1, 46, 18),
(354, '2023-03-14 21:59:06.365', '2023-03-14 21:59:06.365', NULL, 1000, 468, 0, 1, 46, 4),
(355, '2023-03-14 21:59:06.373', '2023-03-14 21:59:06.373', NULL, 1000, 433, 0, 1, 47, 19),
(356, '2023-03-14 21:59:06.368', '2023-03-14 21:59:06.368', NULL, 1000, 450, 0, 1, 47, 12),
(358, '2023-03-14 21:59:06.367', '2023-03-14 21:59:06.367', NULL, 1000, 468, 0, 1, 47, 14),
(360, '2023-03-14 21:59:06.370', '2023-03-14 21:59:06.370', NULL, 1030, 465, 0, 1, 47, 9),
(361, '2023-03-14 21:59:06.371', '2023-03-14 21:59:06.371', NULL, 980, 450, 0, 1, 47, 2),
(363, '2023-03-14 21:59:06.375', '2023-03-14 21:59:06.375', NULL, 1040, 450, 0, 1, 48, 17),
(365, '2023-03-14 21:59:06.381', '2023-03-14 21:59:06.381', NULL, 1040, 450, 0, 1, 48, 5),
(366, '2023-03-14 21:59:06.379', '2023-03-14 21:59:06.379', NULL, 1000, 433, 0, 1, 48, 18),
(367, '2023-03-14 21:59:06.383', '2023-03-14 21:59:06.383', NULL, 1000, 450, 0, 1, 48, 12),
(370, '2023-03-14 21:59:06.377', '2023-03-14 21:59:06.377', NULL, 1000, 450, 0, 1, 48, 10),
(371, '2023-03-14 21:59:06.387', '2023-03-14 21:59:06.387', NULL, 1030, 465, 0, 1, 49, 9),
(372, '2023-03-14 21:59:06.390', '2023-03-14 21:59:06.390', NULL, 1000, 433, 0, 1, 49, 18),
(373, '2023-03-14 21:59:06.392', '2023-03-14 21:59:06.392', NULL, 980, 450, 0, 1, 49, 8),
(375, '2023-03-14 21:59:06.388', '2023-03-14 21:59:06.388', NULL, 1000, 468, 0, 1, 49, 4),
(377, '2023-03-14 21:59:06.385', '2023-03-14 21:59:06.385', NULL, 1040, 450, 0, 1, 49, 1),
(381, '2023-03-14 21:59:06.395', '2023-03-14 21:59:06.395', NULL, 980, 450, 0, 1, 50, 15),
(382, '2023-03-14 21:59:06.394', '2023-03-14 21:59:06.394', NULL, 1040, 450, 0, 1, 50, 5),
(383, '2023-03-14 21:59:06.399', '2023-03-14 21:59:06.399', NULL, 980, 450, 0, 1, 50, 8),
(384, '2023-03-14 21:59:06.397', '2023-03-14 21:59:06.397', NULL, 1000, 450, 0, 1, 50, 10),
(386, '2023-03-14 21:59:06.400', '2023-03-14 21:59:06.400', NULL, 1000, 450, 0, 1, 50, 3);

--
-- Dumping data for table `owned_perks`
--

INSERT INTO `owned_perks` (`id`, `created_at`, `updated_at`, `deleted_at`, `perk_value`, `owned_minicon_id`, `perk_id`) VALUES
(1, '2023-03-14 21:59:06.404', '2023-03-14 21:59:06.404', NULL, 160, 1, 30),
(2, '2023-03-14 21:59:06.406', '2023-03-14 21:59:06.406', NULL, 8, 2, 9),
(3, '2023-03-14 21:59:06.409', '2023-03-14 21:59:06.409', NULL, 15, 2, 10),
(4, '2023-03-14 21:59:06.412', '2023-03-14 21:59:06.412', NULL, 7, 3, 2),
(5, '2023-03-14 21:59:06.414', '2023-03-14 21:59:06.414', NULL, 50, 3, 3),
(6, '2023-03-14 21:59:06.416', '2023-03-14 21:59:06.416', NULL, 9, 4, 4),
(7, '2023-03-14 21:59:06.418', '2023-03-14 21:59:06.418', NULL, 63, 4, 5),
(8, '2023-03-14 21:59:06.419', '2023-03-14 21:59:06.419', NULL, 15, 5, 21),
(9, '2023-03-14 21:59:06.421', '2023-03-14 21:59:06.421', NULL, 20, 5, 22),
(10, '2023-03-14 21:59:06.423', '2023-03-14 21:59:06.423', NULL, 25, 6, 17),
(11, '2023-03-14 21:59:06.424', '2023-03-14 21:59:06.424', NULL, 75, 6, 18),
(12, '2023-03-14 21:59:06.426', '2023-03-14 21:59:06.426', NULL, 160, 7, 30),
(13, '2023-03-14 21:59:06.427', '2023-03-14 21:59:06.427', NULL, 98, 8, 33),
(14, '2023-03-14 21:59:06.429', '2023-03-14 21:59:06.429', NULL, 35, 8, 34),
(15, '2023-03-14 21:59:06.430', '2023-03-14 21:59:06.430', NULL, 85, 9, 35),
(16, '2023-03-14 21:59:06.432', '2023-03-14 21:59:06.432', NULL, 35, 9, 36),
(17, '2023-03-14 21:59:06.433', '2023-03-14 21:59:06.433', NULL, 12, 10, 1),
(18, '2023-03-14 21:59:06.435', '2023-03-14 21:59:06.435', NULL, 85, 11, 35),
(19, '2023-03-14 21:59:06.437', '2023-03-14 21:59:06.437', NULL, 35, 11, 36),
(20, '2023-03-14 21:59:06.439', '2023-03-14 21:59:06.439', NULL, 45, 12, 28),
(21, '2023-03-14 21:59:06.441', '2023-03-14 21:59:06.441', NULL, 25, 12, 29),
(22, '2023-03-14 21:59:06.443', '2023-03-14 21:59:06.443', NULL, 7, 13, 19),
(23, '2023-03-14 21:59:06.445', '2023-03-14 21:59:06.445', NULL, 55, 13, 20),
(24, '2023-03-14 21:59:06.447', '2023-03-14 21:59:06.447', NULL, 7, 14, 13),
(25, '2023-03-14 21:59:06.449', '2023-03-14 21:59:06.449', NULL, 6, 14, 14),
(26, '2023-03-14 21:59:06.451', '2023-03-14 21:59:06.451', NULL, 68, 15, 31),
(27, '2023-03-14 21:59:06.453', '2023-03-14 21:59:06.453', NULL, 20, 15, 32),
(28, '2023-03-14 21:59:06.455', '2023-03-14 21:59:06.455', NULL, 85, 16, 35),
(29, '2023-03-14 21:59:06.456', '2023-03-14 21:59:06.456', NULL, 35, 16, 36),
(30, '2023-03-14 21:59:06.458', '2023-03-14 21:59:06.458', NULL, 9, 17, 4),
(31, '2023-03-14 21:59:06.459', '2023-03-14 21:59:06.459', NULL, 63, 17, 5),
(32, '2023-03-14 21:59:06.461', '2023-03-14 21:59:06.461', NULL, 68, 18, 31),
(33, '2023-03-14 21:59:06.463', '2023-03-14 21:59:06.463', NULL, 20, 18, 32),
(34, '2023-03-14 21:59:06.464', '2023-03-14 21:59:06.464', NULL, 7, 19, 13),
(35, '2023-03-14 21:59:06.466', '2023-03-14 21:59:06.466', NULL, 6, 19, 14),
(36, '2023-03-14 21:59:06.467', '2023-03-14 21:59:06.467', NULL, 90, 20, 23),
(37, '2023-03-14 21:59:06.469', '2023-03-14 21:59:06.469', NULL, 160, 22, 30),
(38, '2023-03-14 21:59:06.471', '2023-03-14 21:59:06.471', NULL, 90, 23, 23),
(39, '2023-03-14 21:59:06.473', '2023-03-14 21:59:06.473', NULL, 9, 24, 4),
(40, '2023-03-14 21:59:06.475', '2023-03-14 21:59:06.475', NULL, 63, 24, 5),
(41, '2023-03-14 21:59:06.477', '2023-03-14 21:59:06.477', NULL, 55, 25, 26),
(42, '2023-03-14 21:59:06.479', '2023-03-14 21:59:06.479', NULL, 15, 25, 27),
(43, '2023-03-14 21:59:06.480', '2023-03-14 21:59:06.480', NULL, 9, 26, 11),
(44, '2023-03-14 21:59:06.482', '2023-03-14 21:59:06.482', NULL, 13, 26, 12),
(45, '2023-03-14 21:59:06.484', '2023-03-14 21:59:06.484', NULL, 9, 29, 11),
(46, '2023-03-14 21:59:06.486', '2023-03-14 21:59:06.486', NULL, 13, 29, 12),
(47, '2023-03-14 21:59:06.488', '2023-03-14 21:59:06.488', NULL, 90, 30, 23),
(48, '2023-03-14 21:59:06.489', '2023-03-14 21:59:06.489', NULL, 7, 31, 2),
(49, '2023-03-14 21:59:06.491', '2023-03-14 21:59:06.491', NULL, 50, 31, 3),
(50, '2023-03-14 21:59:06.492', '2023-03-14 21:59:06.492', NULL, 160, 32, 30),
(51, '2023-03-14 21:59:06.494', '2023-03-14 21:59:06.494', NULL, 7, 33, 6),
(52, '2023-03-14 21:59:06.496', '2023-03-14 21:59:06.496', NULL, 13, 33, 7),
(53, '2023-03-14 21:59:06.497', '2023-03-14 21:59:06.497', NULL, 7, 36, 19),
(54, '2023-03-14 21:59:06.499', '2023-03-14 21:59:06.499', NULL, 55, 36, 20),
(55, '2023-03-14 21:59:06.501', '2023-03-14 21:59:06.501', NULL, 160, 35, 30),
(56, '2023-03-14 21:59:06.503', '2023-03-14 21:59:06.503', NULL, 7, 37, 13),
(57, '2023-03-14 21:59:06.505', '2023-03-14 21:59:06.505', NULL, 6, 37, 14),
(58, '2023-03-14 21:59:06.507', '2023-03-14 21:59:06.507', NULL, 68, 39, 31),
(59, '2023-03-14 21:59:06.509', '2023-03-14 21:59:06.509', NULL, 20, 39, 32),
(60, '2023-03-14 21:59:06.511', '2023-03-14 21:59:06.511', NULL, 8, 42, 9),
(61, '2023-03-14 21:59:06.513', '2023-03-14 21:59:06.513', NULL, 15, 42, 10),
(62, '2023-03-14 21:59:06.515', '2023-03-14 21:59:06.515', NULL, 25, 45, 17),
(63, '2023-03-14 21:59:06.516', '2023-03-14 21:59:06.516', NULL, 75, 45, 18),
(64, '2023-03-14 21:59:06.517', '2023-03-14 21:59:06.517', NULL, 10, 49, 15),
(65, '2023-03-14 21:59:06.519', '2023-03-14 21:59:06.519', NULL, 25, 49, 16),
(66, '2023-03-14 21:59:06.521', '2023-03-14 21:59:06.521', NULL, 98, 46, 33),
(67, '2023-03-14 21:59:06.522', '2023-03-14 21:59:06.522', NULL, 35, 46, 34),
(68, '2023-03-14 21:59:06.524', '2023-03-14 21:59:06.524', NULL, 160, 44, 30),
(69, '2023-03-14 21:59:06.525', '2023-03-14 21:59:06.525', NULL, 11, 47, 8),
(70, '2023-03-14 21:59:06.527', '2023-03-14 21:59:06.527', NULL, 9, 51, 11),
(71, '2023-03-14 21:59:06.529', '2023-03-14 21:59:06.529', NULL, 13, 51, 12),
(72, '2023-03-14 21:59:06.531', '2023-03-14 21:59:06.531', NULL, 68, 52, 31),
(73, '2023-03-14 21:59:06.532', '2023-03-14 21:59:06.532', NULL, 20, 52, 32),
(74, '2023-03-14 21:59:06.534', '2023-03-14 21:59:06.534', NULL, 45, 53, 28),
(75, '2023-03-14 21:59:06.536', '2023-03-14 21:59:06.536', NULL, 25, 53, 29),
(76, '2023-03-14 21:59:06.538', '2023-03-14 21:59:06.538', NULL, 10, 58, 15),
(77, '2023-03-14 21:59:06.540', '2023-03-14 21:59:06.540', NULL, 25, 58, 16),
(78, '2023-03-14 21:59:06.543', '2023-03-14 21:59:06.543', NULL, 15, 54, 21),
(79, '2023-03-14 21:59:06.544', '2023-03-14 21:59:06.544', NULL, 20, 54, 22),
(80, '2023-03-14 21:59:06.546', '2023-03-14 21:59:06.546', NULL, 25, 62, 17),
(81, '2023-03-14 21:59:06.547', '2023-03-14 21:59:06.547', NULL, 75, 62, 18),
(82, '2023-03-14 21:59:06.549', '2023-03-14 21:59:06.549', NULL, 98, 61, 33),
(83, '2023-03-14 21:59:06.550', '2023-03-14 21:59:06.550', NULL, 35, 61, 34),
(84, '2023-03-14 21:59:06.552', '2023-03-14 21:59:06.552', NULL, 9, 60, 11),
(85, '2023-03-14 21:59:06.554', '2023-03-14 21:59:06.554', NULL, 13, 60, 12),
(86, '2023-03-14 21:59:06.556', '2023-03-14 21:59:06.556', NULL, 55, 59, 26),
(87, '2023-03-14 21:59:06.558', '2023-03-14 21:59:06.558', NULL, 15, 59, 27),
(88, '2023-03-14 21:59:06.559', '2023-03-14 21:59:06.559', NULL, 15, 65, 21),
(89, '2023-03-14 21:59:06.561', '2023-03-14 21:59:06.561', NULL, 20, 65, 22),
(90, '2023-03-14 21:59:06.562', '2023-03-14 21:59:06.562', NULL, 10, 69, 15),
(91, '2023-03-14 21:59:06.564', '2023-03-14 21:59:06.564', NULL, 25, 69, 16),
(92, '2023-03-14 21:59:06.566', '2023-03-14 21:59:06.566', NULL, 9, 68, 11),
(93, '2023-03-14 21:59:06.568', '2023-03-14 21:59:06.568', NULL, 13, 68, 12),
(94, '2023-03-14 21:59:06.569', '2023-03-14 21:59:06.569', NULL, 8, 72, 9),
(95, '2023-03-14 21:59:06.571', '2023-03-14 21:59:06.571', NULL, 15, 72, 10),
(96, '2023-03-14 21:59:06.573', '2023-03-14 21:59:06.573', NULL, 160, 71, 30),
(97, '2023-03-14 21:59:06.575', '2023-03-14 21:59:06.575', NULL, 7, 73, 2),
(98, '2023-03-14 21:59:06.576', '2023-03-14 21:59:06.576', NULL, 50, 73, 3),
(99, '2023-03-14 21:59:06.577', '2023-03-14 21:59:06.577', NULL, 7, 80, 19),
(100, '2023-03-14 21:59:06.579', '2023-03-14 21:59:06.579', NULL, 55, 80, 20),
(101, '2023-03-14 21:59:06.581', '2023-03-14 21:59:06.581', NULL, 9, 78, 4),
(102, '2023-03-14 21:59:06.582', '2023-03-14 21:59:06.582', NULL, 63, 78, 5),
(103, '2023-03-14 21:59:06.585', '2023-03-14 21:59:06.585', NULL, 45, 75, 24),
(104, '2023-03-14 21:59:06.587', '2023-03-14 21:59:06.587', NULL, 43, 75, 25),
(105, '2023-03-14 21:59:06.589', '2023-03-14 21:59:06.589', NULL, 160, 76, 30),
(106, '2023-03-14 21:59:06.591', '2023-03-14 21:59:06.591', NULL, 55, 79, 26),
(107, '2023-03-14 21:59:06.592', '2023-03-14 21:59:06.592', NULL, 15, 79, 27),
(108, '2023-03-14 21:59:06.594', '2023-03-14 21:59:06.594', NULL, 10, 89, 15),
(109, '2023-03-14 21:59:06.595', '2023-03-14 21:59:06.595', NULL, 25, 89, 16),
(110, '2023-03-14 21:59:06.597', '2023-03-14 21:59:06.597', NULL, 15, 86, 21),
(111, '2023-03-14 21:59:06.599', '2023-03-14 21:59:06.599', NULL, 20, 86, 22),
(112, '2023-03-14 21:59:06.600', '2023-03-14 21:59:06.600', NULL, 9, 87, 4),
(113, '2023-03-14 21:59:06.605', '2023-03-14 21:59:06.605', NULL, 63, 87, 5),
(114, '2023-03-14 21:59:06.607', '2023-03-14 21:59:06.607', NULL, 8, 84, 9),
(115, '2023-03-14 21:59:06.608', '2023-03-14 21:59:06.608', NULL, 15, 84, 10),
(116, '2023-03-14 21:59:06.610', '2023-03-14 21:59:06.610', NULL, 7, 83, 2),
(117, '2023-03-14 21:59:06.611', '2023-03-14 21:59:06.611', NULL, 50, 83, 3),
(118, '2023-03-14 21:59:06.613', '2023-03-14 21:59:06.613', NULL, 12, 91, 1),
(119, '2023-03-14 21:59:06.614', '2023-03-14 21:59:06.614', NULL, 15, 98, 21),
(120, '2023-03-14 21:59:06.616', '2023-03-14 21:59:06.616', NULL, 20, 98, 22),
(121, '2023-03-14 21:59:06.618', '2023-03-14 21:59:06.618', NULL, 11, 92, 8),
(122, '2023-03-14 21:59:06.620', '2023-03-14 21:59:06.620', NULL, 10, 96, 15),
(123, '2023-03-14 21:59:06.621', '2023-03-14 21:59:06.621', NULL, 25, 96, 16),
(124, '2023-03-14 21:59:06.623', '2023-03-14 21:59:06.623', NULL, 45, 95, 24),
(125, '2023-03-14 21:59:06.624', '2023-03-14 21:59:06.624', NULL, 43, 95, 25),
(126, '2023-03-14 21:59:06.626', '2023-03-14 21:59:06.626', NULL, 7, 106, 2),
(127, '2023-03-14 21:59:06.627', '2023-03-14 21:59:06.627', NULL, 50, 106, 3),
(128, '2023-03-14 21:59:06.629', '2023-03-14 21:59:06.629', NULL, 12, 104, 1),
(129, '2023-03-14 21:59:06.631', '2023-03-14 21:59:06.631', NULL, 7, 105, 13),
(130, '2023-03-14 21:59:06.633', '2023-03-14 21:59:06.633', NULL, 6, 105, 14),
(131, '2023-03-14 21:59:06.635', '2023-03-14 21:59:06.635', NULL, 68, 99, 31),
(132, '2023-03-14 21:59:06.636', '2023-03-14 21:59:06.636', NULL, 20, 99, 32),
(133, '2023-03-14 21:59:06.638', '2023-03-14 21:59:06.638', NULL, 55, 100, 26),
(134, '2023-03-14 21:59:06.640', '2023-03-14 21:59:06.640', NULL, 15, 100, 27),
(135, '2023-03-14 21:59:06.642', '2023-03-14 21:59:06.642', NULL, 11, 109, 8),
(136, '2023-03-14 21:59:06.644', '2023-03-14 21:59:06.644', NULL, 8, 107, 9),
(137, '2023-03-14 21:59:06.645', '2023-03-14 21:59:06.645', NULL, 15, 107, 10),
(138, '2023-03-14 21:59:06.647', '2023-03-14 21:59:06.647', NULL, 15, 111, 21),
(139, '2023-03-14 21:59:06.648', '2023-03-14 21:59:06.648', NULL, 20, 111, 22),
(140, '2023-03-14 21:59:06.650', '2023-03-14 21:59:06.650', NULL, 7, 113, 2),
(141, '2023-03-14 21:59:06.651', '2023-03-14 21:59:06.651', NULL, 50, 113, 3),
(142, '2023-03-14 21:59:06.653', '2023-03-14 21:59:06.653', NULL, 90, 114, 23),
(143, '2023-03-14 21:59:06.655', '2023-03-14 21:59:06.655', NULL, 12, 122, 1),
(144, '2023-03-14 21:59:06.657', '2023-03-14 21:59:06.657', NULL, 7, 118, 19),
(145, '2023-03-14 21:59:06.659', '2023-03-14 21:59:06.659', NULL, 55, 118, 20),
(146, '2023-03-14 21:59:06.660', '2023-03-14 21:59:06.660', NULL, 9, 119, 11),
(147, '2023-03-14 21:59:06.662', '2023-03-14 21:59:06.662', NULL, 13, 119, 12),
(148, '2023-03-14 21:59:06.664', '2023-03-14 21:59:06.664', NULL, 10, 117, 15),
(149, '2023-03-14 21:59:06.665', '2023-03-14 21:59:06.665', NULL, 25, 117, 16),
(150, '2023-03-14 21:59:06.667', '2023-03-14 21:59:06.667', NULL, 8, 121, 9),
(151, '2023-03-14 21:59:06.669', '2023-03-14 21:59:06.669', NULL, 15, 121, 10),
(152, '2023-03-14 21:59:06.670', '2023-03-14 21:59:06.670', NULL, 15, 123, 21),
(153, '2023-03-14 21:59:06.672', '2023-03-14 21:59:06.672', NULL, 20, 123, 22),
(154, '2023-03-14 21:59:06.674', '2023-03-14 21:59:06.674', NULL, 85, 125, 35),
(155, '2023-03-14 21:59:06.675', '2023-03-14 21:59:06.675', NULL, 35, 125, 36),
(156, '2023-03-14 21:59:06.677', '2023-03-14 21:59:06.677', NULL, 25, 130, 17),
(157, '2023-03-14 21:59:06.679', '2023-03-14 21:59:06.679', NULL, 75, 130, 18),
(158, '2023-03-14 21:59:06.680', '2023-03-14 21:59:06.680', NULL, 98, 124, 33),
(159, '2023-03-14 21:59:06.683', '2023-03-14 21:59:06.683', NULL, 35, 124, 34),
(160, '2023-03-14 21:59:06.684', '2023-03-14 21:59:06.684', NULL, 10, 128, 15),
(161, '2023-03-14 21:59:06.686', '2023-03-14 21:59:06.686', NULL, 25, 128, 16),
(162, '2023-03-14 21:59:06.688', '2023-03-14 21:59:06.688', NULL, 7, 132, 19),
(163, '2023-03-14 21:59:06.690', '2023-03-14 21:59:06.690', NULL, 55, 132, 20),
(164, '2023-03-14 21:59:06.691', '2023-03-14 21:59:06.691', NULL, 7, 138, 2),
(165, '2023-03-14 21:59:06.693', '2023-03-14 21:59:06.693', NULL, 50, 138, 3),
(166, '2023-03-14 21:59:06.695', '2023-03-14 21:59:06.695', NULL, 45, 133, 28),
(167, '2023-03-14 21:59:06.697', '2023-03-14 21:59:06.697', NULL, 25, 133, 29),
(168, '2023-03-14 21:59:06.700', '2023-03-14 21:59:06.700', NULL, 15, 134, 21),
(169, '2023-03-14 21:59:06.703', '2023-03-14 21:59:06.703', NULL, 20, 134, 22),
(170, '2023-03-14 21:59:06.705', '2023-03-14 21:59:06.705', NULL, 10, 131, 15),
(171, '2023-03-14 21:59:06.707', '2023-03-14 21:59:06.707', NULL, 25, 131, 16),
(172, '2023-03-14 21:59:06.708', '2023-03-14 21:59:06.708', NULL, 25, 139, 17),
(173, '2023-03-14 21:59:06.710', '2023-03-14 21:59:06.710', NULL, 75, 139, 18),
(174, '2023-03-14 21:59:06.712', '2023-03-14 21:59:06.712', NULL, 8, 140, 9),
(175, '2023-03-14 21:59:06.713', '2023-03-14 21:59:06.713', NULL, 15, 140, 10),
(176, '2023-03-14 21:59:06.715', '2023-03-14 21:59:06.715', NULL, 12, 141, 1),
(177, '2023-03-14 21:59:06.716', '2023-03-14 21:59:06.716', NULL, 85, 142, 35),
(178, '2023-03-14 21:59:06.718', '2023-03-14 21:59:06.718', NULL, 35, 142, 36),
(179, '2023-03-14 21:59:06.720', '2023-03-14 21:59:06.720', NULL, 15, 146, 21),
(180, '2023-03-14 21:59:06.721', '2023-03-14 21:59:06.721', NULL, 20, 146, 22),
(181, '2023-03-14 21:59:06.723', '2023-03-14 21:59:06.723', NULL, 9, 152, 11),
(182, '2023-03-14 21:59:06.725', '2023-03-14 21:59:06.725', NULL, 13, 152, 12),
(183, '2023-03-14 21:59:06.727', '2023-03-14 21:59:06.727', NULL, 45, 147, 28),
(184, '2023-03-14 21:59:06.729', '2023-03-14 21:59:06.729', NULL, 25, 147, 29),
(185, '2023-03-14 21:59:06.731', '2023-03-14 21:59:06.731', NULL, 68, 153, 31),
(186, '2023-03-14 21:59:06.733', '2023-03-14 21:59:06.733', NULL, 20, 153, 32),
(187, '2023-03-14 21:59:06.735', '2023-03-14 21:59:06.735', NULL, 98, 148, 33),
(188, '2023-03-14 21:59:06.736', '2023-03-14 21:59:06.736', NULL, 35, 148, 34),
(189, '2023-03-14 21:59:06.738', '2023-03-14 21:59:06.738', NULL, 7, 151, 13),
(190, '2023-03-14 21:59:06.740', '2023-03-14 21:59:06.740', NULL, 6, 151, 14),
(191, '2023-03-14 21:59:06.742', '2023-03-14 21:59:06.742', NULL, 8, 156, 9),
(192, '2023-03-14 21:59:06.743', '2023-03-14 21:59:06.743', NULL, 15, 156, 10),
(193, '2023-03-14 21:59:06.745', '2023-03-14 21:59:06.745', NULL, 10, 158, 15),
(194, '2023-03-14 21:59:06.747', '2023-03-14 21:59:06.747', NULL, 25, 158, 16),
(195, '2023-03-14 21:59:06.748', '2023-03-14 21:59:06.748', NULL, 68, 155, 31),
(196, '2023-03-14 21:59:06.750', '2023-03-14 21:59:06.750', NULL, 20, 155, 32),
(197, '2023-03-14 21:59:06.752', '2023-03-14 21:59:06.752', NULL, 7, 157, 6),
(198, '2023-03-14 21:59:06.754', '2023-03-14 21:59:06.754', NULL, 13, 157, 7),
(199, '2023-03-14 21:59:06.756', '2023-03-14 21:59:06.756', NULL, 85, 159, 35),
(200, '2023-03-14 21:59:06.758', '2023-03-14 21:59:06.758', NULL, 35, 159, 36),
(201, '2023-03-14 21:59:06.760', '2023-03-14 21:59:06.760', NULL, 11, 170, 8),
(202, '2023-03-14 21:59:06.763', '2023-03-14 21:59:06.763', NULL, 68, 166, 31),
(203, '2023-03-14 21:59:06.764', '2023-03-14 21:59:06.764', NULL, 20, 166, 32),
(204, '2023-03-14 21:59:06.766', '2023-03-14 21:59:06.766', NULL, 10, 165, 15),
(205, '2023-03-14 21:59:06.768', '2023-03-14 21:59:06.768', NULL, 25, 165, 16),
(206, '2023-03-14 21:59:06.769', '2023-03-14 21:59:06.769', NULL, 25, 164, 17),
(207, '2023-03-14 21:59:06.771', '2023-03-14 21:59:06.771', NULL, 75, 164, 18),
(208, '2023-03-14 21:59:06.773', '2023-03-14 21:59:06.773', NULL, 90, 169, 23),
(209, '2023-03-14 21:59:06.774', '2023-03-14 21:59:06.774', NULL, 45, 173, 28),
(210, '2023-03-14 21:59:06.776', '2023-03-14 21:59:06.776', NULL, 25, 173, 29),
(211, '2023-03-14 21:59:06.778', '2023-03-14 21:59:06.778', NULL, 7, 174, 13),
(212, '2023-03-14 21:59:06.780', '2023-03-14 21:59:06.780', NULL, 6, 174, 14),
(213, '2023-03-14 21:59:06.781', '2023-03-14 21:59:06.781', NULL, 45, 178, 24),
(214, '2023-03-14 21:59:06.783', '2023-03-14 21:59:06.783', NULL, 43, 178, 25),
(215, '2023-03-14 21:59:06.785', '2023-03-14 21:59:06.785', NULL, 9, 172, 11),
(216, '2023-03-14 21:59:06.787', '2023-03-14 21:59:06.787', NULL, 13, 172, 12),
(217, '2023-03-14 21:59:06.789', '2023-03-14 21:59:06.789', NULL, 98, 175, 33),
(218, '2023-03-14 21:59:06.792', '2023-03-14 21:59:06.792', NULL, 35, 175, 34),
(219, '2023-03-14 21:59:06.794', '2023-03-14 21:59:06.794', NULL, 9, 179, 4),
(220, '2023-03-14 21:59:06.795', '2023-03-14 21:59:06.795', NULL, 63, 179, 5),
(221, '2023-03-14 21:59:06.797', '2023-03-14 21:59:06.797', NULL, 12, 183, 1),
(222, '2023-03-14 21:59:06.798', '2023-03-14 21:59:06.798', NULL, 9, 185, 11),
(223, '2023-03-14 21:59:06.800', '2023-03-14 21:59:06.800', NULL, 13, 185, 12),
(224, '2023-03-14 21:59:06.802', '2023-03-14 21:59:06.802', NULL, 15, 180, 21),
(225, '2023-03-14 21:59:06.805', '2023-03-14 21:59:06.805', NULL, 20, 180, 22),
(226, '2023-03-14 21:59:06.807', '2023-03-14 21:59:06.807', NULL, 11, 186, 8),
(227, '2023-03-14 21:59:06.809', '2023-03-14 21:59:06.809', NULL, 7, 189, 2),
(228, '2023-03-14 21:59:06.811', '2023-03-14 21:59:06.811', NULL, 50, 189, 3),
(229, '2023-03-14 21:59:06.812', '2023-03-14 21:59:06.812', NULL, 160, 188, 30),
(230, '2023-03-14 21:59:06.814', '2023-03-14 21:59:06.814', NULL, 45, 190, 24),
(231, '2023-03-14 21:59:06.816', '2023-03-14 21:59:06.816', NULL, 43, 190, 25),
(232, '2023-03-14 21:59:06.818', '2023-03-14 21:59:06.818', NULL, 98, 194, 33),
(233, '2023-03-14 21:59:06.820', '2023-03-14 21:59:06.820', NULL, 35, 194, 34),
(234, '2023-03-14 21:59:06.823', '2023-03-14 21:59:06.823', NULL, 9, 191, 11),
(235, '2023-03-14 21:59:06.825', '2023-03-14 21:59:06.825', NULL, 13, 191, 12),
(236, '2023-03-14 21:59:06.827', '2023-03-14 21:59:06.827', NULL, 9, 198, 4),
(237, '2023-03-14 21:59:06.829', '2023-03-14 21:59:06.829', NULL, 63, 198, 5),
(238, '2023-03-14 21:59:06.831', '2023-03-14 21:59:06.831', NULL, 68, 197, 31),
(239, '2023-03-14 21:59:06.833', '2023-03-14 21:59:06.833', NULL, 20, 197, 32),
(240, '2023-03-14 21:59:06.834', '2023-03-14 21:59:06.834', NULL, 9, 196, 11),
(241, '2023-03-14 21:59:06.836', '2023-03-14 21:59:06.836', NULL, 13, 196, 12),
(242, '2023-03-14 21:59:06.838', '2023-03-14 21:59:06.838', NULL, 45, 195, 24),
(243, '2023-03-14 21:59:06.840', '2023-03-14 21:59:06.840', NULL, 43, 195, 25),
(244, '2023-03-14 21:59:06.841', '2023-03-14 21:59:06.841', NULL, 25, 201, 17),
(245, '2023-03-14 21:59:06.843', '2023-03-14 21:59:06.843', NULL, 75, 201, 18),
(246, '2023-03-14 21:59:06.844', '2023-03-14 21:59:06.844', NULL, 90, 204, 23),
(247, '2023-03-14 21:59:06.846', '2023-03-14 21:59:06.846', NULL, 68, 203, 31),
(248, '2023-03-14 21:59:06.848', '2023-03-14 21:59:06.848', NULL, 20, 203, 32),
(249, '2023-03-14 21:59:06.850', '2023-03-14 21:59:06.850', NULL, 9, 208, 11),
(250, '2023-03-14 21:59:06.852', '2023-03-14 21:59:06.852', NULL, 13, 208, 12),
(251, '2023-03-14 21:59:06.855', '2023-03-14 21:59:06.855', NULL, 98, 207, 33),
(252, '2023-03-14 21:59:06.857', '2023-03-14 21:59:06.857', NULL, 35, 207, 34),
(253, '2023-03-14 21:59:06.859', '2023-03-14 21:59:06.859', NULL, 10, 210, 15),
(254, '2023-03-14 21:59:06.861', '2023-03-14 21:59:06.861', NULL, 25, 210, 16),
(255, '2023-03-14 21:59:06.863', '2023-03-14 21:59:06.863', NULL, 98, 216, 33),
(256, '2023-03-14 21:59:06.864', '2023-03-14 21:59:06.864', NULL, 35, 216, 34),
(257, '2023-03-14 21:59:06.866', '2023-03-14 21:59:06.866', NULL, 7, 215, 6),
(258, '2023-03-14 21:59:06.867', '2023-03-14 21:59:06.867', NULL, 13, 215, 7),
(259, '2023-03-14 21:59:06.869', '2023-03-14 21:59:06.869', NULL, 15, 214, 21),
(260, '2023-03-14 21:59:06.871', '2023-03-14 21:59:06.871', NULL, 20, 214, 22),
(261, '2023-03-14 21:59:06.872', '2023-03-14 21:59:06.872', NULL, 68, 217, 31),
(262, '2023-03-14 21:59:06.874', '2023-03-14 21:59:06.874', NULL, 20, 217, 32),
(263, '2023-03-14 21:59:06.876', '2023-03-14 21:59:06.876', NULL, 12, 218, 1),
(264, '2023-03-14 21:59:06.878', '2023-03-14 21:59:06.878', NULL, 68, 225, 31),
(265, '2023-03-14 21:59:06.880', '2023-03-14 21:59:06.880', NULL, 20, 225, 32),
(266, '2023-03-14 21:59:06.881', '2023-03-14 21:59:06.881', NULL, 12, 224, 1),
(267, '2023-03-14 21:59:06.884', '2023-03-14 21:59:06.884', NULL, 85, 223, 35),
(268, '2023-03-14 21:59:06.886', '2023-03-14 21:59:06.886', NULL, 35, 223, 36),
(269, '2023-03-14 21:59:06.888', '2023-03-14 21:59:06.888', NULL, 15, 222, 21),
(270, '2023-03-14 21:59:06.890', '2023-03-14 21:59:06.890', NULL, 20, 222, 22),
(271, '2023-03-14 21:59:06.891', '2023-03-14 21:59:06.891', NULL, 90, 221, 23),
(272, '2023-03-14 21:59:06.893', '2023-03-14 21:59:06.893', NULL, 10, 227, 15),
(273, '2023-03-14 21:59:06.894', '2023-03-14 21:59:06.894', NULL, 25, 227, 16),
(274, '2023-03-14 21:59:06.896', '2023-03-14 21:59:06.896', NULL, 9, 228, 11),
(275, '2023-03-14 21:59:06.897', '2023-03-14 21:59:06.897', NULL, 13, 228, 12),
(276, '2023-03-14 21:59:06.899', '2023-03-14 21:59:06.899', NULL, 12, 232, 1),
(277, '2023-03-14 21:59:06.901', '2023-03-14 21:59:06.901', NULL, 45, 229, 24),
(278, '2023-03-14 21:59:06.903', '2023-03-14 21:59:06.903', NULL, 43, 229, 25),
(279, '2023-03-14 21:59:06.905', '2023-03-14 21:59:06.905', NULL, 7, 230, 2),
(280, '2023-03-14 21:59:06.907', '2023-03-14 21:59:06.907', NULL, 50, 230, 3),
(281, '2023-03-14 21:59:06.909', '2023-03-14 21:59:06.909', NULL, 7, 239, 19),
(282, '2023-03-14 21:59:06.911', '2023-03-14 21:59:06.911', NULL, 55, 239, 20),
(283, '2023-03-14 21:59:06.913', '2023-03-14 21:59:06.913', NULL, 8, 238, 9),
(284, '2023-03-14 21:59:06.915', '2023-03-14 21:59:06.915', NULL, 15, 238, 10),
(285, '2023-03-14 21:59:06.917', '2023-03-14 21:59:06.917', NULL, 10, 242, 15),
(286, '2023-03-14 21:59:06.919', '2023-03-14 21:59:06.919', NULL, 25, 242, 16),
(287, '2023-03-14 21:59:06.920', '2023-03-14 21:59:06.920', NULL, 68, 240, 31),
(288, '2023-03-14 21:59:06.922', '2023-03-14 21:59:06.922', NULL, 20, 240, 32),
(289, '2023-03-14 21:59:06.924', '2023-03-14 21:59:06.924', NULL, 12, 237, 1),
(290, '2023-03-14 21:59:06.925', '2023-03-14 21:59:06.925', NULL, 9, 246, 11),
(291, '2023-03-14 21:59:06.928', '2023-03-14 21:59:06.928', NULL, 13, 246, 12),
(292, '2023-03-14 21:59:06.929', '2023-03-14 21:59:06.929', NULL, 7, 245, 13),
(293, '2023-03-14 21:59:06.931', '2023-03-14 21:59:06.931', NULL, 6, 245, 14),
(294, '2023-03-14 21:59:06.933', '2023-03-14 21:59:06.933', NULL, 12, 244, 1),
(295, '2023-03-14 21:59:06.934', '2023-03-14 21:59:06.934', NULL, 45, 248, 28),
(296, '2023-03-14 21:59:06.936', '2023-03-14 21:59:06.936', NULL, 25, 248, 29),
(297, '2023-03-14 21:59:06.938', '2023-03-14 21:59:06.938', NULL, 10, 249, 15),
(298, '2023-03-14 21:59:06.940', '2023-03-14 21:59:06.940', NULL, 25, 249, 16),
(299, '2023-03-14 21:59:06.942', '2023-03-14 21:59:06.942', NULL, 55, 251, 26),
(300, '2023-03-14 21:59:06.944', '2023-03-14 21:59:06.944', NULL, 15, 251, 27),
(301, '2023-03-14 21:59:06.946', '2023-03-14 21:59:06.946', NULL, 45, 257, 24),
(302, '2023-03-14 21:59:06.947', '2023-03-14 21:59:06.947', NULL, 43, 257, 25),
(303, '2023-03-14 21:59:06.949', '2023-03-14 21:59:06.949', NULL, 7, 258, 19),
(304, '2023-03-14 21:59:06.951', '2023-03-14 21:59:06.951', NULL, 55, 258, 20),
(305, '2023-03-14 21:59:06.953', '2023-03-14 21:59:06.953', NULL, 10, 254, 15),
(306, '2023-03-14 21:59:06.955', '2023-03-14 21:59:06.955', NULL, 25, 254, 16),
(307, '2023-03-14 21:59:06.957', '2023-03-14 21:59:06.957', NULL, 90, 256, 23),
(308, '2023-03-14 21:59:06.959', '2023-03-14 21:59:06.959', NULL, 25, 263, 17),
(309, '2023-03-14 21:59:06.960', '2023-03-14 21:59:06.960', NULL, 75, 263, 18),
(310, '2023-03-14 21:59:06.962', '2023-03-14 21:59:06.962', NULL, 7, 259, 2),
(311, '2023-03-14 21:59:06.964', '2023-03-14 21:59:06.964', NULL, 50, 259, 3),
(312, '2023-03-14 21:59:06.966', '2023-03-14 21:59:06.966', NULL, 7, 265, 19),
(313, '2023-03-14 21:59:06.968', '2023-03-14 21:59:06.968', NULL, 55, 265, 20),
(314, '2023-03-14 21:59:06.969', '2023-03-14 21:59:06.969', NULL, 160, 260, 30),
(315, '2023-03-14 21:59:06.971', '2023-03-14 21:59:06.971', NULL, 12, 264, 1),
(316, '2023-03-14 21:59:06.973', '2023-03-14 21:59:06.973', NULL, 98, 271, 33),
(317, '2023-03-14 21:59:06.975', '2023-03-14 21:59:06.975', NULL, 35, 271, 34),
(318, '2023-03-14 21:59:06.977', '2023-03-14 21:59:06.977', NULL, 15, 274, 21),
(319, '2023-03-14 21:59:06.979', '2023-03-14 21:59:06.979', NULL, 20, 274, 22),
(320, '2023-03-14 21:59:06.981', '2023-03-14 21:59:06.981', NULL, 11, 272, 8),
(321, '2023-03-14 21:59:06.983', '2023-03-14 21:59:06.983', NULL, 12, 270, 1),
(322, '2023-03-14 21:59:06.985', '2023-03-14 21:59:06.985', NULL, 45, 269, 24),
(323, '2023-03-14 21:59:06.988', '2023-03-14 21:59:06.988', NULL, 43, 269, 25),
(324, '2023-03-14 21:59:06.990', '2023-03-17 23:52:30.642', NULL, 11, 280, 15),
(325, '2023-03-14 21:59:06.991', '2023-03-17 23:52:30.643', NULL, 27, 280, 16),
(326, '2023-03-14 21:59:06.993', '2023-03-17 23:52:30.647', NULL, 99, 278, 23),
(327, '2023-03-14 21:59:06.995', '2023-03-17 23:52:30.650', NULL, 7, 282, 19),
(328, '2023-03-14 21:59:06.997', '2023-03-17 23:52:30.650', NULL, 60, 282, 20),
(329, '2023-03-14 21:59:06.999', '2023-03-17 23:52:30.654', NULL, 13, 276, 1),
(330, '2023-03-14 21:59:07.000', '2023-03-17 23:52:30.658', NULL, 7, 275, 6),
(331, '2023-03-14 21:59:07.002', '2023-03-17 23:52:30.659', NULL, 14, 275, 7),
(332, '2023-03-14 21:59:07.004', '2023-03-14 21:59:07.004', NULL, 7, 285, 2),
(333, '2023-03-14 21:59:07.006', '2023-03-14 21:59:07.006', NULL, 50, 285, 3),
(334, '2023-03-14 21:59:07.008', '2023-03-14 21:59:07.008', NULL, 160, 290, 30),
(335, '2023-03-14 21:59:07.010', '2023-03-14 21:59:07.010', NULL, 7, 284, 13),
(336, '2023-03-14 21:59:07.012', '2023-03-14 21:59:07.012', NULL, 6, 284, 14),
(337, '2023-03-14 21:59:07.015', '2023-03-14 21:59:07.015', NULL, 10, 283, 15),
(338, '2023-03-14 21:59:07.016', '2023-03-14 21:59:07.016', NULL, 25, 283, 16),
(339, '2023-03-14 21:59:07.018', '2023-03-14 21:59:07.018', NULL, 12, 289, 1),
(340, '2023-03-14 21:59:07.020', '2023-03-14 21:59:07.020', NULL, 160, 295, 30),
(341, '2023-03-14 21:59:07.021', '2023-03-14 21:59:07.021', NULL, 55, 294, 26),
(342, '2023-03-14 21:59:07.023', '2023-03-14 21:59:07.023', NULL, 15, 294, 27),
(343, '2023-03-14 21:59:07.025', '2023-03-14 21:59:07.025', NULL, 25, 293, 17),
(344, '2023-03-14 21:59:07.026', '2023-03-14 21:59:07.026', NULL, 75, 293, 18),
(345, '2023-03-14 21:59:07.028', '2023-03-14 21:59:07.028', NULL, 98, 298, 33),
(346, '2023-03-14 21:59:07.030', '2023-03-14 21:59:07.030', NULL, 35, 298, 34),
(347, '2023-03-14 21:59:07.031', '2023-03-14 21:59:07.031', NULL, 68, 292, 31),
(348, '2023-03-14 21:59:07.033', '2023-03-14 21:59:07.033', NULL, 20, 292, 32),
(349, '2023-03-14 21:59:07.035', '2023-03-14 21:59:07.035', NULL, 25, 299, 17),
(350, '2023-03-14 21:59:07.038', '2023-03-14 21:59:07.038', NULL, 75, 299, 18),
(351, '2023-03-14 21:59:07.040', '2023-03-14 21:59:07.040', NULL, 90, 305, 23),
(352, '2023-03-14 21:59:07.042', '2023-03-14 21:59:07.042', NULL, 8, 301, 9),
(353, '2023-03-14 21:59:07.044', '2023-03-14 21:59:07.044', NULL, 15, 301, 10),
(354, '2023-03-14 21:59:07.045', '2023-03-14 21:59:07.045', NULL, 11, 302, 8),
(355, '2023-03-14 21:59:07.047', '2023-03-14 21:59:07.047', NULL, 12, 303, 1),
(356, '2023-03-14 21:59:07.049', '2023-03-14 21:59:07.049', NULL, 45, 307, 24),
(357, '2023-03-14 21:59:07.051', '2023-03-14 21:59:07.051', NULL, 43, 307, 25),
(358, '2023-03-14 21:59:07.054', '2023-03-14 21:59:07.054', NULL, 85, 309, 35),
(359, '2023-03-14 21:59:07.055', '2023-03-14 21:59:07.055', NULL, 35, 309, 36),
(360, '2023-03-14 21:59:07.057', '2023-03-14 21:59:07.057', NULL, 7, 311, 2),
(361, '2023-03-14 21:59:07.058', '2023-03-14 21:59:07.058', NULL, 50, 311, 3),
(362, '2023-03-14 21:59:07.060', '2023-03-14 21:59:07.060', NULL, 68, 308, 31),
(363, '2023-03-14 21:59:07.062', '2023-03-14 21:59:07.062', NULL, 20, 308, 32),
(364, '2023-03-14 21:59:07.063', '2023-03-14 21:59:07.063', NULL, 12, 312, 1),
(365, '2023-03-14 21:59:07.065', '2023-03-14 21:59:07.065', NULL, 7, 316, 13),
(366, '2023-03-14 21:59:07.067', '2023-03-14 21:59:07.067', NULL, 6, 316, 14),
(367, '2023-03-14 21:59:07.069', '2023-03-14 21:59:07.069', NULL, 85, 317, 35),
(368, '2023-03-14 21:59:07.071', '2023-03-14 21:59:07.071', NULL, 35, 317, 36),
(369, '2023-03-14 21:59:07.073', '2023-03-14 21:59:07.073', NULL, 9, 320, 11),
(370, '2023-03-14 21:59:07.075', '2023-03-14 21:59:07.075', NULL, 13, 320, 12),
(371, '2023-03-14 21:59:07.077', '2023-03-14 21:59:07.077', NULL, 11, 322, 8),
(372, '2023-03-14 21:59:07.079', '2023-03-14 21:59:07.079', NULL, 98, 319, 33),
(373, '2023-03-14 21:59:07.080', '2023-03-14 21:59:07.080', NULL, 35, 319, 34),
(374, '2023-03-14 21:59:07.082', '2023-03-14 21:59:07.082', NULL, 9, 324, 11),
(375, '2023-03-14 21:59:07.084', '2023-03-14 21:59:07.084', NULL, 13, 324, 12),
(376, '2023-03-14 21:59:07.085', '2023-03-14 21:59:07.085', NULL, 55, 323, 26),
(377, '2023-03-14 21:59:07.087', '2023-03-14 21:59:07.087', NULL, 15, 323, 27),
(378, '2023-03-14 21:59:07.089', '2023-03-14 21:59:07.089', NULL, 68, 328, 31),
(379, '2023-03-14 21:59:07.090', '2023-03-14 21:59:07.090', NULL, 20, 328, 32),
(380, '2023-03-14 21:59:07.092', '2023-03-14 21:59:07.092', NULL, 15, 330, 21),
(381, '2023-03-14 21:59:07.094', '2023-03-14 21:59:07.094', NULL, 20, 330, 22),
(382, '2023-03-14 21:59:07.096', '2023-03-14 21:59:07.096', NULL, 7, 329, 2),
(383, '2023-03-14 21:59:07.098', '2023-03-14 21:59:07.098', NULL, 50, 329, 3),
(384, '2023-03-14 21:59:07.100', '2023-03-14 21:59:07.100', NULL, 15, 336, 21),
(385, '2023-03-14 21:59:07.102', '2023-03-14 21:59:07.102', NULL, 20, 336, 22),
(386, '2023-03-14 21:59:07.104', '2023-03-14 21:59:07.104', NULL, 160, 338, 30),
(387, '2023-03-14 21:59:07.106', '2023-03-14 21:59:07.106', NULL, 8, 337, 9),
(388, '2023-03-14 21:59:07.108', '2023-03-14 21:59:07.108', NULL, 15, 337, 10),
(389, '2023-03-14 21:59:07.110', '2023-03-14 21:59:07.110', NULL, 11, 331, 8),
(390, '2023-03-14 21:59:07.112', '2023-03-14 21:59:07.112', NULL, 7, 332, 2),
(391, '2023-03-14 21:59:07.113', '2023-03-14 21:59:07.113', NULL, 50, 332, 3),
(392, '2023-03-14 21:59:07.115', '2023-03-14 21:59:07.115', NULL, 7, 339, 19),
(393, '2023-03-14 21:59:07.117', '2023-03-14 21:59:07.117', NULL, 55, 339, 20),
(394, '2023-03-14 21:59:07.119', '2023-03-14 21:59:07.119', NULL, 7, 341, 13),
(395, '2023-03-14 21:59:07.120', '2023-03-14 21:59:07.120', NULL, 6, 341, 14),
(396, '2023-03-14 21:59:07.122', '2023-03-14 21:59:07.122', NULL, 68, 343, 31),
(397, '2023-03-14 21:59:07.124', '2023-03-14 21:59:07.124', NULL, 20, 343, 32),
(398, '2023-03-14 21:59:07.126', '2023-03-14 21:59:07.126', NULL, 55, 340, 26),
(399, '2023-03-14 21:59:07.128', '2023-03-14 21:59:07.128', NULL, 15, 340, 27),
(400, '2023-03-14 21:59:07.129', '2023-03-14 21:59:07.129', NULL, 25, 346, 17),
(401, '2023-03-14 21:59:07.131', '2023-03-14 21:59:07.131', NULL, 75, 346, 18),
(402, '2023-03-14 21:59:07.133', '2023-03-14 21:59:07.133', NULL, 68, 353, 31),
(403, '2023-03-14 21:59:07.135', '2023-03-14 21:59:07.135', NULL, 20, 353, 32),
(404, '2023-03-14 21:59:07.137', '2023-03-14 21:59:07.137', NULL, 98, 349, 33),
(405, '2023-03-14 21:59:07.140', '2023-03-14 21:59:07.140', NULL, 35, 349, 34),
(406, '2023-03-14 21:59:07.141', '2023-03-14 21:59:07.141', NULL, 7, 350, 13),
(407, '2023-03-14 21:59:07.143', '2023-03-14 21:59:07.143', NULL, 6, 350, 14),
(408, '2023-03-14 21:59:07.145', '2023-03-14 21:59:07.145', NULL, 7, 348, 2),
(409, '2023-03-14 21:59:07.147', '2023-03-14 21:59:07.147', NULL, 50, 348, 3),
(410, '2023-03-14 21:59:07.148', '2023-03-14 21:59:07.148', NULL, 7, 354, 6),
(411, '2023-03-14 21:59:07.150', '2023-03-14 21:59:07.150', NULL, 13, 354, 7),
(412, '2023-03-14 21:59:07.151', '2023-03-14 21:59:07.151', NULL, 45, 358, 24),
(413, '2023-03-14 21:59:07.154', '2023-03-14 21:59:07.154', NULL, 43, 358, 25),
(414, '2023-03-14 21:59:07.156', '2023-03-14 21:59:07.156', NULL, 15, 356, 21),
(415, '2023-03-14 21:59:07.158', '2023-03-14 21:59:07.158', NULL, 20, 356, 22),
(416, '2023-03-14 21:59:07.161', '2023-03-14 21:59:07.161', NULL, 10, 360, 15),
(417, '2023-03-14 21:59:07.163', '2023-03-14 21:59:07.163', NULL, 25, 360, 16),
(418, '2023-03-14 21:59:07.165', '2023-03-14 21:59:07.165', NULL, 7, 361, 2),
(419, '2023-03-14 21:59:07.167', '2023-03-14 21:59:07.167', NULL, 50, 361, 3),
(420, '2023-03-14 21:59:07.168', '2023-03-14 21:59:07.168', NULL, 98, 355, 33),
(421, '2023-03-14 21:59:07.171', '2023-03-14 21:59:07.171', NULL, 35, 355, 34),
(422, '2023-03-14 21:59:07.173', '2023-03-14 21:59:07.173', NULL, 160, 363, 30),
(423, '2023-03-14 21:59:07.175', '2023-03-14 21:59:07.175', NULL, 25, 370, 17),
(424, '2023-03-14 21:59:07.176', '2023-03-14 21:59:07.176', NULL, 75, 370, 18),
(425, '2023-03-14 21:59:07.178', '2023-03-14 21:59:07.178', NULL, 68, 366, 31),
(426, '2023-03-14 21:59:07.180', '2023-03-14 21:59:07.180', NULL, 20, 366, 32),
(427, '2023-03-14 21:59:07.182', '2023-03-14 21:59:07.182', NULL, 11, 365, 8),
(428, '2023-03-14 21:59:07.183', '2023-03-14 21:59:07.183', NULL, 15, 367, 21),
(429, '2023-03-14 21:59:07.185', '2023-03-14 21:59:07.185', NULL, 20, 367, 22),
(430, '2023-03-14 21:59:07.187', '2023-03-14 21:59:07.187', NULL, 12, 377, 1),
(431, '2023-03-14 21:59:07.189', '2023-03-14 21:59:07.189', NULL, 10, 371, 15),
(432, '2023-03-14 21:59:07.191', '2023-03-14 21:59:07.191', NULL, 25, 371, 16),
(433, '2023-03-14 21:59:07.193', '2023-03-14 21:59:07.193', NULL, 7, 375, 6),
(434, '2023-03-14 21:59:07.195', '2023-03-14 21:59:07.195', NULL, 13, 375, 7),
(435, '2023-03-14 21:59:07.197', '2023-03-14 21:59:07.197', NULL, 68, 372, 31),
(436, '2023-03-14 21:59:07.199', '2023-03-14 21:59:07.199', NULL, 20, 372, 32),
(437, '2023-03-14 21:59:07.201', '2023-03-14 21:59:07.201', NULL, 7, 373, 13),
(438, '2023-03-14 21:59:07.203', '2023-03-14 21:59:07.203', NULL, 6, 373, 14),
(439, '2023-03-14 21:59:07.206', '2023-03-14 21:59:07.206', NULL, 11, 382, 8),
(440, '2023-03-14 21:59:07.208', '2023-03-14 21:59:07.208', NULL, 55, 381, 26),
(441, '2023-03-14 21:59:07.209', '2023-03-14 21:59:07.209', NULL, 15, 381, 27),
(442, '2023-03-14 21:59:07.211', '2023-03-14 21:59:07.211', NULL, 25, 384, 17),
(443, '2023-03-14 21:59:07.212', '2023-03-14 21:59:07.212', NULL, 75, 384, 18),
(444, '2023-03-14 21:59:07.214', '2023-03-14 21:59:07.214', NULL, 7, 383, 13),
(445, '2023-03-14 21:59:07.216', '2023-03-14 21:59:07.216', NULL, 6, 383, 14),
(446, '2023-03-14 21:59:07.217', '2023-03-14 21:59:07.217', NULL, 9, 386, 4),
(447, '2023-03-14 21:59:07.220', '2023-03-14 21:59:07.220', NULL, 63, 386, 5);

--
-- Dumping data for table `perks`
--

INSERT INTO `perks` (`id`, `created_at`, `updated_at`, `deleted_at`, `perk_trigger`, `perk_name`, `effect`, `description`, `base_value`, `minicon_id`) VALUES
(1, '2023-03-14 21:59:05.591', '2023-03-14 21:59:05.591', NULL, 'HURT', 'Enraged', 'ATKBUFF', 'When Krunk is hurt, it boosts the attack of itself, the minicon behind it and the minicon in front of it, in its own team', 12, 1),
(2, '2023-03-14 21:59:05.592', '2023-03-14 21:59:05.592', NULL, 'HURT', 'Enraged', 'ATKBUFF', 'When Ember is hurt, it boosts the attack of itself, the minicon behind it and the minicon in front of it, in its own team', 7, 2),
(3, '2023-03-14 21:59:05.594', '2023-03-14 21:59:05.594', NULL, 'START', 'Trataka', 'HEAL', 'At the start of each round, Ember heals the minicon behind it and the minicon in front of it in its own team', 50, 2),
(4, '2023-03-14 21:59:05.595', '2023-03-14 21:59:05.595', NULL, 'HURT', 'Enraged', 'ATKBUFF', 'When Riptide is hurt, it boosts the attack of itself, the minicon behind it and the minicon in front of it in its own team', 9, 3),
(5, '2023-03-14 21:59:05.597', '2023-03-14 21:59:05.597', NULL, 'DEAD', 'Bubble Blast ', 'DMG', 'When Riptide dies, it damages the first minicon in the opposing team', 63, 3),
(6, '2023-03-14 21:59:05.598', '2023-03-14 21:59:05.598', NULL, 'HURT', 'Enraged', 'ATKBUFF', 'When Keranos is hurt, it boosts the attack of itself and the minicon in front of it in its own team', 7, 4),
(7, '2023-03-14 21:59:05.600', '2023-03-14 21:59:05.600', NULL, 'DEAD', 'Drain', 'ATKDEBUFF', 'When Keranos dies, it drains the attack of first, second and third minicons in the opposing team', 13, 4),
(8, '2023-03-14 21:59:05.602', '2023-03-14 21:59:05.602', NULL, 'HURT', 'Hex', 'ATKDEBUFF', 'When Deimos is hurt, it drains the attack of the second and third minicons in the opposing team', 11, 5),
(9, '2023-03-14 21:59:05.604', '2023-03-14 21:59:05.604', NULL, 'HURT', 'Hex', 'ATKDEBUFF', 'When Adranus is hurt, it drains the attack of the second and third minicons in the opposing team', 8, 6),
(10, '2023-03-14 21:59:05.606', '2023-03-14 21:59:05.606', NULL, 'DEAD', 'War Cry', 'ATKBUFF', 'When Adranus dies, it boosts the attack of minicon that is two places behind it, and the one behind that in its own team', 15, 6),
(11, '2023-03-14 21:59:05.608', '2023-03-14 21:59:05.608', NULL, 'HURT', 'Hex', 'ATKDEBUFF', 'When Orisis is hurt, it drains the attack of the third minicon in the opposing team', 9, 7),
(12, '2023-03-14 21:59:05.610', '2023-03-14 21:59:05.610', NULL, 'DEAD', 'Drain', 'ATKDEBUFF', 'When Osiris dies, it drains the attack of the first, second and third minicons in the opposing team', 13, 7),
(13, '2023-03-14 21:59:05.611', '2023-03-14 21:59:05.611', NULL, 'HURT', 'Hex', 'ATKDEBUFF', 'When Thunderbolt gets hurt, it drains the attack of the second and third minicons in the opposing team', 7, 8),
(14, '2023-03-14 21:59:05.612', '2023-03-14 21:59:05.612', NULL, 'START', 'Brewing Storm', 'ATKBUFF', 'At the start of the round, Thunderbolt boosts the attack of minicon three places in front of it, in its own team', 6, 8),
(15, '2023-03-14 21:59:05.614', '2023-03-14 21:59:05.614', NULL, 'DEAD', 'Team Player', 'ATKBUFF', 'When Daredevil dies, it boosts the attack of minicon two places behind it and the one after that in its own team', 10, 9),
(16, '2023-03-14 21:59:05.616', '2023-03-14 21:59:05.616', NULL, 'START', 'Sharp Shooter', 'DMG', 'At the start of the round, Daredevil damages the second and third minicons of the opposing team', 25, 9),
(17, '2023-03-14 21:59:05.617', '2023-03-14 21:59:05.617', NULL, 'START', 'Sharp Shooter', 'DMG', 'At the start of the round, Noir damages the second and third minicons of the opposing team', 25, 10),
(18, '2023-03-14 21:59:05.619', '2023-03-14 21:59:05.619', NULL, 'DEAD', 'Transitive Regen', 'HEAL', 'When Noir dies, it heals the three minicons right behind it in its own team', 75, 10),
(19, '2023-03-14 21:59:05.620', '2023-03-14 21:59:05.620', NULL, 'START', 'Bushido', 'ATKDEBUFF', 'At the start of the round, Samurai drains the attack of the third, fourth and fifth minicons of the opposing team', 7, 11),
(20, '2023-03-14 21:59:05.623', '2023-03-14 21:59:05.623', NULL, 'KILL', 'Zantetsuken Kaeshi', 'HEAL', 'When Samurai gets a kill, it heals itself', 55, 11),
(21, '2023-03-14 21:59:05.625', '2023-03-14 21:59:05.625', NULL, 'START', 'Speed strike', 'DMG', 'At the start of the round, Nightcrawler damages the second, third, fourth and fifth minicons of the opposing team', 15, 12),
(22, '2023-03-14 21:59:05.627', '2023-03-14 21:59:05.627', NULL, 'KILL', 'Clean Finish', 'ATKBUFF', 'When Nightcrawler gets a kill, it boosts the attack of the minicon two places behind it in its own team', 20, 12),
(23, '2023-03-14 21:59:05.628', '2023-03-14 21:59:05.628', NULL, 'KILL', 'Glory', 'HEAL', 'When Achaeus gets a kill, it heals itself', 90, 13),
(24, '2023-03-14 21:59:05.630', '2023-03-14 21:59:05.630', NULL, 'KILL', 'Glory', 'HEAL', 'When Laurence gets a kill, it heals itself', 45, 14),
(25, '2023-03-14 21:59:05.633', '2023-03-14 21:59:05.633', NULL, 'HURT', 'Heat Stroke', 'DMG', 'When Laurence gets hurt, it damages the second minicon of the opposing team', 43, 14),
(26, '2023-03-14 21:59:05.635', '2023-03-14 21:59:05.635', NULL, 'KILL', 'Glory', 'HEAL', 'When Glaucus gets a kill, it heals itself', 55, 15),
(27, '2023-03-14 21:59:05.637', '2023-03-14 21:59:05.637', NULL, 'DEAD', 'Tidal Fury', 'ATKBUFF', 'When Glaucus dies, it boosts the attack of the minicon two places behind it and the two minicons after that in its own team', 15, 15),
(28, '2023-03-14 21:59:05.639', '2023-03-14 21:59:05.639', NULL, 'KILL', 'Glory', 'HEAL', 'When Taranis gets a kill, it heals itself and the minicon behind it in its own team', 45, 16),
(29, '2023-03-14 21:59:05.640', '2023-03-14 21:59:05.640', NULL, 'START', 'StunOver', 'DMG', 'At the start of each round, Taranis damages the second and third minicons in the opposing team', 25, 16),
(30, '2023-03-14 21:59:05.642', '2023-03-14 21:59:05.642', NULL, 'DEAD', 'Poison Strike', 'DMG', 'When Sensei dies, it damages the first minicon in the opposing team', 160, 17),
(31, '2023-03-14 21:59:05.644', '2023-03-14 21:59:05.644', NULL, 'DEAD', 'Poison Strike', 'DMG', 'When Phobos dies, it damages the first and second minicon in the opposing team', 68, 18),
(32, '2023-03-14 21:59:05.646', '2023-03-14 21:59:05.646', NULL, 'KILL', 'Flame Rush', 'ATKBUFF', 'When Phobos gets a kill, it boosts its own attack', 20, 18),
(33, '2023-03-14 21:59:05.647', '2023-03-14 21:59:05.647', NULL, 'DEAD', 'Poison Strike', 'DMG', 'When Njord dies, it damages the first minicon in the opposing team', 98, 19),
(34, '2023-03-14 21:59:05.648', '2023-03-14 21:59:05.648', NULL, 'HURT', 'Calm Water', 'HEAL', 'When Njord is hurt, it to heals itself, the minicon behind it and the minicon infront of it in its own team', 35, 19),
(35, '2023-03-14 21:59:05.650', '2023-03-14 21:59:05.650', NULL, 'DEAD', 'Poison Strike', 'DMG', 'When Shockwave dies, it damages the first minicon in the opposing team', 85, 20),
(36, '2023-03-14 21:59:05.652', '2023-03-14 21:59:05.652', NULL, 'START', 'thunger surge', 'DMG', 'At the start of the round, Shockwave damages the second and third minicons in the opposing team', 35, 20);

--
-- Dumping data for table `regions`
--

INSERT INTO `regions` (`id`, `created_at`, `updated_at`, `deleted_at`, `name`, `description`) VALUES
(1, '2023-03-04 13:14:01.208', '2023-03-04 13:14:01.208', NULL, 'CENTRAL', 'Citadel is a peaceful and serene area that connects to three other regions: Pyralia, Atlantia, and Valhalla. It is home to several mystic gardens and a beautiful lake that adds to the peaceful ambiance of the region. The central focus of the map is an ancient minicon statue located in the centre of the region. The statue represents the original minicon. Players can explore this region seeking out lootboxes hidden throughout the region.'),
(2, '2023-03-04 13:14:01.210', '2023-03-04 13:14:01.210', NULL, 'FIRE', 'Pyralia is a dangerous and intense area that is characterised by its harsh terrain and scorching temperatures. It is characterised by two cemeteries. The cemeteries add an air of mystery and intrigue to the region, drawing players deeper into the fire region`s danger. Pyralia is also home to a few lava lakes that bubble and seethe with molten lava, making the terrain difficult to traverse.'),
(3, '2023-03-04 13:14:01.212', '2023-03-04 13:14:01.212', NULL, 'WATER', 'Atlantia is a refreshing area that is characterised by its tranquil waters and lush greenery. It is predominantly covered by water, with small grassy areas scattered throughout. Atlantia is filled with small boats and lily pads that adds to its beauty. Atlantia is a calming and relaxing area that provides a stark contrast to the intensity of Pyralia.'),
(4, '2023-03-04 13:14:01.214', '2023-03-04 13:14:01.214', NULL, 'THUNDER', 'Valhalla is a stunning area that is filled to the brim with lush grasslands and intricate stone pathways. It is imbued with a powerful energy that crackles in the air and electrifies everything around it. Valhalla is a thrilling and exciting area that provides a stark contrast to the calming tranquillity of the Atlantia. It is a place where players can test their skills and explore the wonders of nature while facing the dangers of the elements.');

--
-- Dumping data for table `targets`
--

INSERT INTO `targets` (`id`, `created_at`, `updated_at`, `deleted_at`, `target_val`, `perk_id`) VALUES
(1, '2023-03-14 21:59:05.654', '2023-03-14 21:59:05.654', NULL, -1, 1),
(2, '2023-03-14 21:59:05.655', '2023-03-14 21:59:05.655', NULL, 0, 1),
(3, '2023-03-14 21:59:05.657', '2023-03-14 21:59:05.657', NULL, 1, 1),
(4, '2023-03-14 21:59:05.658', '2023-03-14 21:59:05.658', NULL, -1, 2),
(5, '2023-03-14 21:59:05.660', '2023-03-14 21:59:05.660', NULL, 0, 2),
(6, '2023-03-14 21:59:05.661', '2023-03-14 21:59:05.661', NULL, 1, 2),
(7, '2023-03-14 21:59:05.663', '2023-03-14 21:59:05.663', NULL, -1, 3),
(8, '2023-03-14 21:59:05.664', '2023-03-14 21:59:05.664', NULL, 1, 3),
(9, '2023-03-14 21:59:05.666', '2023-03-14 21:59:05.666', NULL, -1, 4),
(10, '2023-03-14 21:59:05.668', '2023-03-14 21:59:05.668', NULL, 0, 4),
(11, '2023-03-14 21:59:05.669', '2023-03-14 21:59:05.669', NULL, 1, 4),
(12, '2023-03-14 21:59:05.671', '2023-03-14 21:59:05.671', NULL, 0, 5),
(13, '2023-03-14 21:59:05.673', '2023-03-14 21:59:05.673', NULL, -1, 6),
(14, '2023-03-14 21:59:05.675', '2023-03-14 21:59:05.675', NULL, 0, 6),
(15, '2023-03-14 21:59:05.676', '2023-03-14 21:59:05.676', NULL, 0, 7),
(16, '2023-03-14 21:59:05.678', '2023-03-14 21:59:05.678', NULL, 1, 7),
(17, '2023-03-14 21:59:05.679', '2023-03-14 21:59:05.679', NULL, 2, 7),
(18, '2023-03-14 21:59:05.681', '2023-03-14 21:59:05.681', NULL, 1, 8),
(19, '2023-03-14 21:59:05.683', '2023-03-14 21:59:05.683', NULL, 2, 8),
(20, '2023-03-14 21:59:05.684', '2023-03-14 21:59:05.684', NULL, 1, 9),
(21, '2023-03-14 21:59:05.685', '2023-03-14 21:59:05.685', NULL, 2, 9),
(22, '2023-03-14 21:59:05.687', '2023-03-14 21:59:05.687', NULL, 2, 10),
(23, '2023-03-14 21:59:05.688', '2023-03-14 21:59:05.688', NULL, 3, 10),
(24, '2023-03-14 21:59:05.690', '2023-03-14 21:59:05.690', NULL, 2, 11),
(25, '2023-03-14 21:59:05.691', '2023-03-14 21:59:05.691', NULL, 0, 12),
(26, '2023-03-14 21:59:05.693', '2023-03-14 21:59:05.693', NULL, 1, 12),
(27, '2023-03-14 21:59:05.695', '2023-03-14 21:59:05.695', NULL, 2, 12),
(28, '2023-03-14 21:59:05.697', '2023-03-14 21:59:05.697', NULL, 1, 13),
(29, '2023-03-14 21:59:05.698', '2023-03-14 21:59:05.698', NULL, 2, 13),
(30, '2023-03-14 21:59:05.700', '2023-03-14 21:59:05.700', NULL, -3, 14),
(31, '2023-03-14 21:59:05.702', '2023-03-14 21:59:05.702', NULL, 2, 15),
(32, '2023-03-14 21:59:05.704', '2023-03-14 21:59:05.704', NULL, 3, 15),
(33, '2023-03-14 21:59:05.705', '2023-03-14 21:59:05.705', NULL, 1, 16),
(34, '2023-03-14 21:59:05.707', '2023-03-14 21:59:05.707', NULL, 2, 16),
(35, '2023-03-14 21:59:05.708', '2023-03-14 21:59:05.708', NULL, 1, 17),
(36, '2023-03-14 21:59:05.710', '2023-03-14 21:59:05.710', NULL, 2, 17),
(37, '2023-03-14 21:59:05.711', '2023-03-14 21:59:05.711', NULL, 1, 18),
(38, '2023-03-14 21:59:05.713', '2023-03-14 21:59:05.713', NULL, 2, 18),
(39, '2023-03-14 21:59:05.714', '2023-03-14 21:59:05.714', NULL, 3, 18),
(40, '2023-03-14 21:59:05.716', '2023-03-14 21:59:05.716', NULL, 2, 19),
(41, '2023-03-14 21:59:05.717', '2023-03-14 21:59:05.717', NULL, 3, 19),
(42, '2023-03-14 21:59:05.720', '2023-03-14 21:59:05.720', NULL, 4, 19),
(43, '2023-03-14 21:59:05.722', '2023-03-14 21:59:05.722', NULL, 0, 20),
(44, '2023-03-14 21:59:05.724', '2023-03-14 21:59:05.724', NULL, 1, 21),
(45, '2023-03-14 21:59:05.727', '2023-03-14 21:59:05.727', NULL, 2, 21),
(46, '2023-03-14 21:59:05.729', '2023-03-14 21:59:05.729', NULL, 3, 21),
(47, '2023-03-14 21:59:05.732', '2023-03-14 21:59:05.732', NULL, 4, 21),
(48, '2023-03-14 21:59:05.734', '2023-03-14 21:59:05.734', NULL, 2, 22),
(49, '2023-03-14 21:59:05.736', '2023-03-14 21:59:05.736', NULL, 0, 23),
(50, '2023-03-14 21:59:05.740', '2023-03-14 21:59:05.740', NULL, 0, 24),
(51, '2023-03-14 21:59:05.742', '2023-03-14 21:59:05.742', NULL, 1, 25),
(52, '2023-03-14 21:59:05.745', '2023-03-14 21:59:05.745', NULL, 0, 26),
(53, '2023-03-14 21:59:05.747', '2023-03-14 21:59:05.747', NULL, 2, 27),
(54, '2023-03-14 21:59:05.748', '2023-03-14 21:59:05.748', NULL, 3, 27),
(55, '2023-03-14 21:59:05.750', '2023-03-14 21:59:05.750', NULL, 4, 27),
(56, '2023-03-14 21:59:05.753', '2023-03-14 21:59:05.753', NULL, 0, 28),
(57, '2023-03-14 21:59:05.756', '2023-03-14 21:59:05.756', NULL, 1, 28),
(58, '2023-03-14 21:59:05.758', '2023-03-14 21:59:05.758', NULL, 1, 29),
(59, '2023-03-14 21:59:05.761', '2023-03-14 21:59:05.761', NULL, 2, 29),
(60, '2023-03-14 21:59:05.763', '2023-03-14 21:59:05.763', NULL, 0, 30),
(61, '2023-03-14 21:59:05.764', '2023-03-14 21:59:05.764', NULL, 0, 31),
(62, '2023-03-14 21:59:05.766', '2023-03-14 21:59:05.766', NULL, 1, 31),
(63, '2023-03-14 21:59:05.768', '2023-03-14 21:59:05.768', NULL, 0, 32),
(64, '2023-03-14 21:59:05.769', '2023-03-14 21:59:05.769', NULL, 0, 33),
(65, '2023-03-14 21:59:05.771', '2023-03-14 21:59:05.771', NULL, -1, 34),
(66, '2023-03-14 21:59:05.772', '2023-03-14 21:59:05.772', NULL, 0, 34),
(67, '2023-03-14 21:59:05.773', '2023-03-14 21:59:05.773', NULL, 1, 34),
(68, '2023-03-14 21:59:05.775', '2023-03-14 21:59:05.775', NULL, 0, 35),
(69, '2023-03-14 21:59:05.776', '2023-03-14 21:59:05.776', NULL, 1, 36),
(70, '2023-03-14 21:59:05.778', '2023-03-14 21:59:05.778', NULL, 2, 36);

--
-- Dumping data for table `users`
--

INSERT INTO `users` (`id`, `created_at`, `updated_at`, `deleted_at`, `username`, `trophies`, `xp`, `user_registration_id`, `character_id`) VALUES
(1, '2023-03-04 13:14:01.558', '2023-03-04 13:14:01.558', NULL, 'user1', 1088, 39, 1, 3),
(2, '2023-03-04 13:14:01.560', '2023-03-04 13:14:01.560', NULL, 'user2', 942, 60, 2, 3),
(3, '2023-03-04 13:14:01.563', '2023-03-04 13:14:01.563', NULL, 'user3', 671, 48, 3, 3),
(4, '2023-03-04 13:14:01.565', '2023-03-04 13:14:01.565', NULL, 'user4', 729, 44, 4, 3),
(5, '2023-03-04 13:14:01.567', '2023-03-04 13:14:01.567', NULL, 'user5', 806, 71, 5, 1),
(6, '2023-03-04 13:14:01.570', '2023-03-04 13:14:01.570', NULL, 'user6', 1234, 39, 6, 3),
(7, '2023-03-04 13:14:01.574', '2023-03-04 13:14:01.574', NULL, 'user7', 716, 73, 7, 1),
(8, '2023-03-04 13:14:01.576', '2023-03-04 13:14:01.576', NULL, 'user8', 706, 36, 8, 1),
(9, '2023-03-04 13:14:01.578', '2023-03-04 13:14:01.578', NULL, 'user9', 1304, 47, 9, 1),
(10, '2023-03-04 13:14:01.580', '2023-03-04 13:14:01.580', NULL, 'user10', 802, 37, 10, 1),
(11, '2023-03-04 13:14:01.583', '2023-03-04 13:14:01.583', NULL, 'user11', 567, 70, 11, 3),
(12, '2023-03-04 13:14:01.585', '2023-03-04 13:14:01.585', NULL, 'user12', 1415, 50, 12, 3),
(13, '2023-03-04 13:14:01.587', '2023-03-04 13:14:01.587', NULL, 'user13', 1081, 55, 13, 3),
(14, '2023-03-04 13:14:01.589', '2023-03-04 13:14:01.589', NULL, 'user14', 1247, 78, 14, 3),
(15, '2023-03-04 13:14:01.591', '2023-03-04 13:14:01.591', NULL, 'user15', 1215, 41, 15, 1),
(16, '2023-03-04 13:14:01.594', '2023-03-04 13:14:01.594', NULL, 'user16', 1222, 52, 16, 1),
(17, '2023-03-04 13:14:01.596', '2023-03-04 13:14:01.596', NULL, 'user17', 1230, 79, 17, 1),
(18, '2023-03-04 13:14:01.598', '2023-03-04 13:14:01.598', NULL, 'user18', 1359, 43, 18, 1),
(19, '2023-03-04 13:14:01.600', '2023-03-04 13:14:01.600', NULL, 'user19', 1179, 63, 19, 3),
(20, '2023-03-04 13:14:01.603', '2023-03-04 13:14:01.603', NULL, 'user20', 607, 78, 20, 1),
(21, '2023-03-04 13:14:01.605', '2023-03-04 13:14:01.605', NULL, 'user21', 1306, 26, 21, 1),
(22, '2023-03-04 13:14:01.608', '2023-03-04 13:14:01.608', NULL, 'user22', 811, 58, 22, 1),
(23, '2023-03-04 13:14:01.610', '2023-03-04 13:14:01.610', NULL, 'user23', 720, 39, 23, 1),
(24, '2023-03-04 13:14:01.612', '2023-03-04 13:14:01.612', NULL, 'user24', 1395, 42, 24, 3),
(25, '2023-03-04 13:14:01.614', '2023-03-04 13:14:01.614', NULL, 'user25', 994, 27, 25, 1),
(26, '2023-03-04 13:14:01.616', '2023-03-04 13:14:01.616', NULL, 'user26', 1274, 73, 26, 1),
(27, '2023-03-04 13:14:01.618', '2023-03-04 13:14:01.618', NULL, 'user27', 1186, 79, 27, 3),
(28, '2023-03-04 13:14:01.621', '2023-03-04 13:14:01.621', NULL, 'user28', 1292, 29, 28, 1),
(29, '2023-03-04 13:14:01.623', '2023-03-04 13:14:01.623', NULL, 'user29', 537, 59, 29, 3),
(30, '2023-03-04 13:14:01.625', '2023-03-04 13:14:01.625', NULL, 'user30', 954, 49, 30, 1),
(31, '2023-03-04 13:14:01.627', '2023-03-04 13:14:01.627', NULL, 'user31', 1256, 36, 31, 1),
(32, '2023-03-04 13:14:01.629', '2023-03-04 13:14:01.629', NULL, 'user32', 748, 57, 32, 3),
(33, '2023-03-04 13:14:01.631', '2023-03-04 13:14:01.631', NULL, 'user33', 654, 73, 33, 3),
(34, '2023-03-04 13:14:01.633', '2023-03-04 13:14:01.633', NULL, 'user34', 826, 70, 34, 1),
(35, '2023-03-04 13:14:01.636', '2023-03-04 13:14:01.636', NULL, 'user35', 892, 53, 35, 1),
(36, '2023-03-04 13:14:01.638', '2023-03-04 13:14:01.638', NULL, 'user36', 794, 21, 36, 1),
(37, '2023-03-04 13:14:01.640', '2023-03-04 13:14:01.640', NULL, 'user37', 1160, 34, 37, 3),
(38, '2023-03-04 13:14:01.642', '2023-03-04 13:14:01.642', NULL, 'user38', 792, 23, 38, 1),
(39, '2023-03-04 13:14:01.645', '2023-03-04 13:14:01.645', NULL, 'user39', 764, 34, 39, 1),
(40, '2023-03-04 13:14:01.647', '2023-03-04 13:14:01.647', NULL, 'user40', 851, 79, 40, 3),
(41, '2023-03-04 13:14:01.648', '2023-03-04 13:14:01.648', NULL, 'user41', 684, 49, 41, 1),
(42, '2023-03-04 13:14:01.650', '2023-03-04 13:14:01.650', NULL, 'user42', 945, 57, 42, 1),
(43, '2023-03-04 13:14:01.652', '2023-03-04 13:14:01.652', NULL, 'user43', 1286, 79, 43, 1),
(44, '2023-03-04 13:14:01.654', '2023-03-04 13:14:01.654', NULL, 'user44', 1276, 80, 44, 3),
(45, '2023-03-04 13:14:01.656', '2023-03-04 13:14:01.656', NULL, 'user45', 647, 45, 45, 1),
(46, '2023-03-04 13:14:01.658', '2023-03-04 13:14:01.658', NULL, 'user46', 1069, 40, 46, 1),
(47, '2023-03-04 13:14:01.659', '2023-03-04 13:14:01.659', NULL, 'user47', 951, 30, 47, 3),
(48, '2023-03-04 13:14:01.661', '2023-03-04 13:14:01.661', NULL, 'user48', 988, 58, 48, 1),
(49, '2023-03-04 13:14:01.663', '2023-03-04 13:14:01.663', NULL, 'user49', 727, 71, 49, 3),
(50, '2023-03-04 13:14:01.666', '2023-03-04 13:14:01.666', NULL, 'user50', 797, 70, 50, 3);

--
-- Dumping data for table `user_registrations`
--

INSERT INTO `user_registrations` (`id`, `created_at`, `updated_at`, `deleted_at`, `email`, `name`, `form_filled`, `username`, `college`, `contact`) VALUES
(1, '2023-03-04 13:14:01.387', '2023-03-04 13:14:01.387', NULL, 'lewisharry@gmail.com', 'Lewis Harry', 0, 'user1', 'NIT Bhopal', '4056271448'),
(2, '2023-03-04 13:14:01.390', '2023-03-04 13:14:01.390', NULL, 'suzannekeith@springbee.com', 'Herrera Harmon', 1, 'user2', 'IIT Madras', '2545929483'),
(3, '2023-03-04 13:14:01.394', '2023-03-04 13:14:01.394', NULL, 'herreraharmon@springbee.com', 'Terra Case', 1, 'user3', 'NIT Bhopal', '9015244495'),
(4, '2023-03-04 13:14:01.397', '2023-03-04 13:14:01.397', NULL, 'terracase@springbee.com', 'Lula Hardy', 1, 'user4', 'NITT', '6742764960'),
(5, '2023-03-04 13:14:01.401', '2023-03-04 13:14:01.401', NULL, 'lulahardy@springbee.com', 'Roth Frost', 0, 'user5', 'IIT Madras', '7155896918'),
(6, '2023-03-04 13:14:01.405', '2023-03-04 13:14:01.405', NULL, 'rothfrost@springbee.com', 'Farrell Soto', 1, 'user6', 'MNIT Jaipur', '9111431335'),
(7, '2023-03-04 13:14:01.408', '2023-03-04 13:14:01.408', NULL, 'farrellsoto@springbee.com', 'Sawyer Hobbs', 1, 'user7', 'NIT Surathkal', '9487673318'),
(8, '2023-03-04 13:14:01.411', '2023-03-04 13:14:01.411', NULL, 'sawyerhobbs@springbee.com', 'Pope Moon', 1, 'user8', 'MNIT Jaipur', '4389088401'),
(9, '2023-03-04 13:14:01.414', '2023-03-04 13:14:01.414', NULL, 'popemoon@springbee.com', 'Long Carr', 0, 'user9', 'IIT Madras', '9300916530'),
(10, '2023-03-04 13:14:01.418', '2023-03-04 13:14:01.418', NULL, 'longcarr@springbee.com', 'Perry Wheeler', 1, 'user10', 'MNIT Jaipur', '9442570827'),
(11, '2023-03-04 13:14:01.422', '2023-03-04 13:14:01.422', NULL, 'perrywheeler@springbee.com', 'Shannon Ramos', 0, 'user11', 'MNIT Jaipur', '9679863724'),
(12, '2023-03-04 13:14:01.425', '2023-03-04 13:14:01.425', NULL, 'shannonramos@springbee.com', 'Twila Mcguire', 0, 'user12', 'NITT', '8749997152'),
(13, '2023-03-04 13:14:01.428', '2023-03-04 13:14:01.428', NULL, 'twilamcguire@springbee.com', 'Courtney Salinas', 1, 'user13', 'NIT Surathkal', '9811863412'),
(14, '2023-03-04 13:14:01.431', '2023-03-04 13:14:01.431', NULL, 'courtneysalinas@springbee.com', 'Carmella Chase', 0, 'user14', 'NIT Bhopal', '8846228848'),
(15, '2023-03-04 13:14:01.435', '2023-03-04 13:14:01.435', NULL, 'carmellachase@springbee.com', 'Landry Mcpherson', 1, 'user15', 'IIT Madras', '3949139446'),
(16, '2023-03-04 13:14:01.440', '2023-03-04 13:14:01.440', NULL, 'landrymcpherson@springbee.com', 'Russo Norris', 0, 'user16', 'NIT Surathkal', '2902924950'),
(17, '2023-03-04 13:14:01.444', '2023-03-04 13:14:01.444', NULL, 'russonorris@springbee.com', 'Marina Preston', 1, 'user17', 'NITT', '7261019045'),
(18, '2023-03-04 13:14:01.447', '2023-03-04 13:14:01.447', NULL, 'marinapreston@springbee.com', 'Graves Lloyd', 1, 'user18', 'MNIT Jaipur', '7296000683'),
(19, '2023-03-04 13:14:01.450', '2023-03-04 13:14:01.450', NULL, 'graveslloyd@springbee.com', 'Merrill Bush', 1, 'user19', 'NITT', '2251643583'),
(20, '2023-03-04 13:14:01.454', '2023-03-04 13:14:01.454', NULL, 'merrillbush@springbee.com', 'Jones Simpson', 0, 'user20', 'NIT Surathkal', '8414252017'),
(21, '2023-03-04 13:14:01.457', '2023-03-04 13:14:01.457', NULL, 'jonessimpson@springbee.com', 'Jessie Webb', 0, 'user21', 'NIT Bhopal', '2798520555'),
(22, '2023-03-04 13:14:01.461', '2023-03-04 13:14:01.461', NULL, 'jessiewebb@springbee.com', 'Young Rush', 0, 'user22', 'NITT', '8278619685'),
(23, '2023-03-04 13:14:01.465', '2023-03-04 13:14:01.465', NULL, 'youngrush@springbee.com', 'Wendi England', 1, 'user23', 'NITT', '0965809094'),
(24, '2023-03-04 13:14:01.469', '2023-03-04 13:14:01.469', NULL, 'wendiengland@springbee.com', 'Flores Lowery', 1, 'user24', 'IIT Madras', '0271880741'),
(25, '2023-03-04 13:14:01.472', '2023-03-04 13:14:01.472', NULL, 'floreslowery@springbee.com', 'Maritza Flynn', 1, 'user25', 'NIT Surathkal', '9022481008'),
(26, '2023-03-04 13:14:01.476', '2023-03-04 13:14:01.476', NULL, 'maritzaflynn@springbee.com', 'Shirley Carver', 0, 'user26', 'MNIT Jaipur', '8978154968'),
(27, '2023-03-04 13:14:01.479', '2023-03-04 13:14:01.479', NULL, 'shirleycarver@springbee.com', 'Michele Singleton', 1, 'user27', 'NITT', '8853954515'),
(28, '2023-03-04 13:14:01.483', '2023-03-04 13:14:01.483', NULL, 'michelesingleton@springbee.com', 'Neva Clements', 0, 'user28', 'NIT Bhopal', '4657131471'),
(29, '2023-03-04 13:14:01.487', '2023-03-04 13:14:01.487', NULL, 'nevaclements@springbee.com', 'Helen Eaton', 1, 'user29', 'MNIT Jaipur', '1893402739'),
(30, '2023-03-04 13:14:01.490', '2023-03-04 13:14:01.490', NULL, 'heleneaton@springbee.com', 'Bass Poole', 0, 'user30', 'NITT', '7699809735'),
(31, '2023-03-04 13:14:01.494', '2023-03-04 13:14:01.494', NULL, 'basspoole@springbee.com', 'Coffey Jordan', 1, 'user31', 'NITT', '6798437174'),
(32, '2023-03-04 13:14:01.497', '2023-03-04 13:14:01.497', NULL, 'coffeyjordan@springbee.com', 'Mayra Massey', 0, 'user32', 'NIT Bhopal', '0597375698'),
(33, '2023-03-04 13:14:01.500', '2023-03-04 13:14:01.500', NULL, 'mayramassey@springbee.com', 'Morgan Vaughn', 0, 'user33', 'NIT Bhopal', '0600826080'),
(34, '2023-03-04 13:14:01.504', '2023-03-04 13:14:01.504', NULL, 'morganvaughn@springbee.com', 'Britney Reid', 1, 'user34', 'NIT Bhopal', '4792415745'),
(35, '2023-03-04 13:14:01.508', '2023-03-04 13:14:01.508', NULL, 'britneyreid@springbee.com', 'Butler Rich', 1, 'user35', 'MNIT Jaipur', '1224637314'),
(36, '2023-03-04 13:14:01.511', '2023-03-04 13:14:01.511', NULL, 'butlerrich@springbee.com', 'Blanchard Garner', 1, 'user36', 'MNIT Jaipur', '3890910512'),
(37, '2023-03-04 13:14:01.515', '2023-03-04 13:14:01.515', NULL, 'blanchardgarner@springbee.com', 'Francine Sanders', 1, 'user37', 'NIT Bhopal', '6517903169'),
(38, '2023-03-04 13:14:01.518', '2023-03-04 13:14:01.518', NULL, 'francinesanders@springbee.com', 'Barnett Cook', 1, 'user38', 'NIT Bhopal', '6012553019'),
(39, '2023-03-04 13:14:01.522', '2023-03-04 13:14:01.522', NULL, 'barnettcook@springbee.com', 'Goodman Sellers', 0, 'user39', 'MNIT Jaipur', '4939829360'),
(40, '2023-03-04 13:14:01.525', '2023-03-04 13:14:01.525', NULL, 'goodmansellers@springbee.com', 'Palmer Vasquez', 0, 'user40', 'MNIT Jaipur', '7496662287'),
(41, '2023-03-04 13:14:01.529', '2023-03-04 13:14:01.529', NULL, 'palmervasquez@springbee.com', 'Poole Church', 1, 'user41', 'NIT Surathkal', '8549229531'),
(42, '2023-03-04 13:14:01.533', '2023-03-04 13:14:01.533', NULL, 'poolechurch@springbee.com', 'Marissa Reese', 1, 'user42', 'IIT Madras', '4961094386'),
(43, '2023-03-04 13:14:01.537', '2023-03-04 13:14:01.537', NULL, 'marissareese@springbee.com', 'Alyssa Lamb', 0, 'user43', 'MNIT Jaipur', '0179870875'),
(44, '2023-03-04 13:14:01.540', '2023-03-04 13:14:01.540', NULL, 'alyssalamb@springbee.com', 'Heather Barrett', 0, 'user44', 'MNIT Jaipur', '2853405443'),
(45, '2023-03-04 13:14:01.544', '2023-03-04 13:14:01.544', NULL, 'heatherbarrett@springbee.com', 'Chandler Cardenas', 1, 'user45', 'NIT Bhopal', '1415130620'),
(46, '2023-03-04 13:14:01.547', '2023-03-04 13:14:01.547', NULL, 'chandlercardenas@springbee.com', 'Madden Bray', 0, 'user46', 'NIT Bhopal', '6481196748'),
(47, '2023-03-04 13:14:01.549', '2023-03-04 13:14:01.549', NULL, 'maddenbray@springbee.com', 'Baker Jacobson', 0, 'user47', 'MNIT Jaipur', '9087852642'),
(48, '2023-03-04 13:14:01.551', '2023-03-04 13:14:01.551', NULL, 'bakerjacobson@springbee.com', 'Joyce Joyner', 1, 'user48', 'MNIT Jaipur', '9411631806'),
(49, '2023-03-04 13:14:01.554', '2023-03-04 13:14:01.554', NULL, 'joycejoyner@springbee.com', 'Price Vinson', 1, 'user49', 'NIT Bhopal', '1389910922'),
(50, '2023-03-04 13:14:01.556', '2023-03-04 13:14:01.556', NULL, 'pricevinson@springbee.com', 'Sherry Riley', 1, 'user50', 'NITT', '4947599976');
SET FOREIGN_KEY_CHECKS=1;
COMMIT;

/*!40101 SET CHARACTER_SET_CLIENT=@OLD_CHARACTER_SET_CLIENT */;
/*!40101 SET CHARACTER_SET_RESULTS=@OLD_CHARACTER_SET_RESULTS */;
/*!40101 SET COLLATION_CONNECTION=@OLD_COLLATION_CONNECTION */;
